frame,timestamp,processing_mode,speech_detector_implementation,is_speech,speech_probability,speech_gate_open,is_whisper,whisper_processed,trigger,raw_score,whisper_probability,rms,zcr,entropy,voicing,hnr,spectral_centroid,band_energy_low,band_energy_mid,band_energy_high,temporal_score,formant_score
0,2026-08-06T22:48:42.819275,shadow,silero,False,0.0,True,True,True,False,3,1.0,0.028429089691788437,0.12734864300626306,4.722840786967693,0.0,0.0,2278.7181762310347,18.25578928661952,37.98514224787996,32.45430439411587,0.0,0.0
1,2026-08-06T22:48:42.960431,shadow,silero,False,0.008260281756520271,True,False,True,False,1,0.3333333333333333,0.0003428096759605022,0.1336116910229645,3.822782219197534,0.0,0.0,1474.0672367895609,0.008677264723349374,0.0034463279668319803,0.0006087845809522951,0.0,0.0
2,2026-08-06T22:48:43.004796,shadow,silero,False,0.008689061738550663,True,False,True,False,1,0.3333333333333333,0.0003136558752920346,0.12943632567849686,3.798132005202748,0.0,0.0,1518.6642157855608,0.007336211450217272,0.0025782716466140956,0.0005240974143067364,0.0,0.0
3,2026-08-06T22:48:43.011615,shadow,silero,False,0.004133883863687515,True,False,True,False,1,0.3333333333333333,0.0002626351670902056,0.1524008350730689,3.8130354342631683,0.0,0.0,1482.0720714524205,0.005234404265835279,0.0016728060604341369,0.0003768792827468338,0.0,0.0
4,2026-08-06T22:48:43.019177,shadow,silero,False,0.002803226700052619,True,False,True,False,1,0.3333333333333333,0.00024577191851456057,0.10855949895615867,3.7247084105302806,0.0,0.0,1496.8940255749706,0.004690903234986853,0.001419155644821128,0.00033271607178765345,0.0,0.0
5,2026-08-06T22:48:43.026869,shadow,silero,False,0.002885223599150777,True,False,True,False,1,0.3333333333333333,0.0002774996009802757,0.11482254697286012,3.703964147744167,0.0,0.0,1484.6278316083988,0.006251444875597769,0.0016862560953283879,0.00036626185963320755,0.0,0.0
6,2026-08-06T22:48:43.033831,shadow,silero,False,0.003271662164479494,True,False,True,False,1,0.3333333333333333,0.00022963894009769373,0.13569937369519833,3.8711843205436787,0.0,0.0,1550.7514580296108,0.0038727838573549235,0.0013259274455712155,0.00041167397973605795,0.0,0.0
7,2026-08-06T22:48:43.039436,shadow,silero,False,0.0033440222032368183,True,False,True,False,1,0.3333333333333333,0.00026410250937672824,0.1440501043841336,3.778608197154245,0.0,0.0,1521.5908249293818,0.005131471161557248,0.0017020684471835358,0.00048720187315913743,0.0,0.0
8,2026-08-06T22:48:43.044977,shadow,silero,False,0.0030885408632457256,True,False,True,False,1,0.3333333333333333,0.00022466842909928854,0.1336116910229645,3.6972797305277756,0.0,0.0,1512.0538995472166,0.004002407266396084,0.0009075084835697226,0.00042603229087674816,0.0,0.0
9,2026-08-06T22:48:43.050800,shadow,silero,False,0.003033108077943325,True,False,True,False,1,0.3333333333333333,0.000244895742759511,0.1336116910229645,3.7480210393681226,0.0,0.0,1530.2532087528664,0.00479604989827543,0.0011941482334044894,0.00046882478684066734,0.0,0.0
10,2026-08-06T22:48:43.058043,shadow,silero,False,0.0025787765625864267,True,False,True,False,1,0.3333333333333333,0.00021396836013387363,0.1440501043841336,3.641034003290926,0.0,0.0,1485.2617229989326,0.0036277630220014007,0.0009926257316124891,0.0002893756392317647,0.0,0.0
11,2026-08-06T22:48:43.066578,shadow,silero,False,0.0023439873475581408,True,False,True,False,1,0.3333333333333333,0.00019872689603843345,0.11064718162839249,3.7083619006338093,0.0,0.0,1571.5215332448222,0.002864090904494355,0.0010005973219140507,0.0002578640616545755,0.0,0.0
12,2026-08-06T22:48:43.075064,shadow,silero,False,0.0020408944692462683,True,False,True,False,1,0.3333333333333333,0.0002301969983703468,0.12317327766179541,3.8268181237380348,0.0,0.0,1486.5006151158018,0.0040642538053812325,0.0012362365149012323,0.00030795400055869517,0.0,0.0
13,2026-08-06T22:48:43.083098,shadow,silero,False,0.001892855390906334,True,False,True,False,1,0.3333333333333333,0.0002182559738440808,0.08977035490605428,3.645800757523981,0.0,0.0,1418.6403823710045,0.003957823944292714,0.0008162480971262329,0.00021906430452979075,0.0,0.0
14,2026-08-06T22:48:43.091392,shadow,silero,False,0.001859262934885919,True,False,True,False,1,0.3333333333333333,0.00023653664591327033,0.0918580375782881,3.804142844039852,0.0,0.0,1498.7214691585177,0.004285820944705178,0.001282765179752338,0.00032315242381672943,0.0,0.0
15,2026-08-06T22:48:43.100590,shadow,silero,False,0.001964703667908907,True,False,True,False,1,0.3333333333333333,0.00021910082242854057,0.11691022964509394,3.5607652521795936,0.0,0.0,1509.7382218256876,0.0038313063520374257,0.0010153567143256252,0.00024594298177863416,0.0,0.0
16,2026-08-06T22:48:43.102028,shadow,silero,False,0.001964703667908907,True,False,True,False,1,0.3333333333333333,0.00021220347510734846,0.11064718162839249,3.5768124848000586,0.0,0.0,1509.2841853435407,0.003556471706691969,0.0010805053898679377,0.00019532785285606634,0.0,0.0
17,2026-08-06T22:48:43.109685,shadow,silero,False,0.0014120317064225674,True,False,True,False,1,0.3333333333333333,0.00020223656252875684,0.1127348643006263,3.734757731564533,0.0,0.0,1525.4839791047668,0.003178361810585707,0.0009601665150423187,0.00020806299462912569,0.0,0.0
18,2026-08-06T22:48:43.117593,shadow,silero,False,0.0013416447909548879,True,False,True,False,1,0.3333333333333333,0.00015067189138784747,0.08977035490605428,3.583206347473786,0.0,0.0,1469.8330407155756,0.0017266510720801301,0.0004832077309868137,9.315940574115422e-05,0.0,0.0
19,2026-08-06T22:48:43.129974,shadow,silero,False,0.001474712393246591,True,False,True,False,1,0.3333333333333333,0.00019832948136951748,0.11691022964509394,3.7650948897325356,0.0,0.0,1564.3364994871233,0.0029420064339911738,0.001048790626710021,0.0002129559465502201,0.0,0.0
20,2026-08-06T22:48:43.143728,shadow,silero,False,0.0011799830244854093,True,False,True,False,1,0.3333333333333333,0.00016687457767262888,0.12317327766179541,3.3727816654931835,0.0,0.0,1506.5295174726045,0.0021316156806093444,0.0007116192521387701,0.00011171658980490565,0.0,0.0
21,2026-08-06T22:48:43.154668,shadow,silero,False,0.0011854927288368344,True,False,True,False,1,0.3333333333333333,0.00021988651898779995,0.1022964509394572,3.587580893854362,0.0,0.0,1517.5610100497813,0.0037452136978680934,0.0010234016421843935,0.0002387217545292552,0.0,0.0
22,2026-08-06T22:48:43.165026,shadow,silero,False,0.0010092084994539618,True,False,True,False,1,0.3333333333333333,0.00015737370216447518,0.09394572025052192,3.631822341129541,0.0,0.0,1520.8634835656162,0.001926304735394565,0.0005348019739917307,0.0001256834921321804,0.0,0.0
23,2026-08-06T22:48:43.176522,shadow,silero,False,0.0010315311374142766,True,False,True,False,1,0.3333333333333333,0.00018862353627269632,0.1022964509394572,3.6993611554432726,0.0,0.0,1475.2376392738204,0.0027750969962012937,0.0008026899004144909,0.0001649226741686601,0.0,0.0
24,2026-08-06T22:48:43.183947,shadow,silero,False,0.0011831338051706553,True,False,True,False,1,0.3333333333333333,0.00013127213519581788,0.11482254697286012,3.526975108694529,0.0,0.0,1541.5741296053723,0.0012012580830833319,0.0003970112019861019,7.718209705379448e-05,0.0,0.0
25,2026-08-06T22:48:43.188126,shadow,silero,False,0.0009312441106885672,True,False,True,False,1,0.3333333333333333,0.0001784062777317732,0.10020876826722339,3.695189082802802,0.0,0.0,1490.7197243329306,0.00233430665420086,0.0007256999056821569,0.00015667234404115695,0.0,0.0
26,2026-08-06T22:48:43.192916,shadow,silero,False,0.0008274780702777207,True,False,True,False,1,0.3333333333333333,0.00014751735408796078,0.12526096033402923,3.647854615585842,0.0,0.0,1417.6234733562674,0.0017110484244722804,0.0004375284226810636,8.92798000245995e-05,0.0,0.0
27,2026-08-06T22:48:43.197837,shadow,silero,False,0.0008078530663624406,True,False,True,False,1,0.3333333333333333,0.00011005469914552903,0.09603340292275574,2.9315023385204713,0.0,0.0,1564.8401503247094,0.001000575381503224,0.00018415455579457026,3.707770065553022e-05,0.0,0.0
28,2026-08-06T22:48:43.203245,shadow,silero,False,0.0008350484422408044,True,False,True,False,1,0.3333333333333333,0.00010474547245591886,0.1524008350730689,3.69182014328841,0.0,0.0,1501.1501754024694,0.0006493879111350917,0.0003517785654006989,4.800435784443333e-05,0.0,0.0
29,2026-08-06T22:48:43.210577,shadow,silero,False,0.0009371726191602647,True,False,True,False,1,0.3333333333333333,0.00011546113191645166,0.1440501043841336,3.5800075222731045,0.0,0.0,1543.3582229519182,0.0007821960390914577,0.0005146138435544995,6.255637115986279e-05,0.0,0.0
30,2026-08-06T22:48:43.219776,shadow,silero,False,0.0007947020349092782,True,False,True,False,1,0.3333333333333333,0.00010496682538951953,0.18162839248434237,3.6104849821693685,0.0,0.0,1654.9045481063838,0.0005769214694112872,0.0004909773184213129,5.490136246020202e-05,0.0,0.0
31,2026-08-06T22:48:43.227739,shadow,silero,False,0.0008323712972924113,True,False,True,False,1,0.3333333333333333,0.00010687940649803946,0.1544885177453027,3.3076257059792256,0.0,0.0,1583.6037051095968,0.0007427468638142061,0.00031313679651146013,4.407374614709685e-05,0.0,0.0
32,2026-08-06T22:48:43.229329,shadow,silero,False,0.0008323712972924113,True,False,True,False,1,0.3333333333333333,0.00010321354660836712,0.1336116910229645,3.3461154346671886,0.0,0.0,1525.062795345017,0.0007743881052808044,0.00024301872134011225,5.084686641657617e-05,0.0,0.0
33,2026-08-06T22:48:43.236694,shadow,silero,False,0.0007655428489670157,True,False,True,False,1,0.3333333333333333,7.193946643663316e-05,0.1544885177453027,3.5452141738417655,0.0,0.0,1534.1382397504635,0.00030097042202264736,0.00012579378768709005,2.7471312536986e-05,0.0,0.0
34,2026-08-06T22:48:43.243048,shadow,silero,False,0.0007547148852609098,True,False,True,False,1,0.3333333333333333,8.88309234784199e-05,0.11691022964509394,3.286009906758072,0.0,0.0,1547.3009472317049,0.0005552136452717837,0.00016746943182533691,3.5569680673556925e-05,0.0,0.0
35,2026-08-06T22:48:43.248535,shadow,silero,False,0.0006918760482221842,True,False,True,False,1,0.3333333333333333,6.599997040556176e-05,0.15866388308977036,3.5140404844878934,0.0,0.0,1752.6940495529198,0.0002295182364436507,0.00010983876325098839,1.6626846011049654e-05,0.0,0.0
36,2026-08-06T22:48:43.255046,shadow,silero,False,0.0007359627052210271,True,False,True,False,1,0.3333333333333333,8.878997906871471e-05,0.1524008350730689,3.5203204003842425,0.0,0.0,1523.2812069001131,0.0005322128642641767,0.0001877954582002684,2.7801506091722577e-05,0.0,0.0
37,2026-08-06T22:48:43.263463,shadow,silero,False,0.0007549364236183465,True,False,True,False,1,0.3333333333333333,9.409496328939049e-05,0.16075156576200417,3.7029731288716476,0.0,0.0,1560.6541858504477,0.0005260821715229678,0.000215844998751441,4.781041169720185e-05,0.0,0.0
38,2026-08-06T22:48:43.272738,shadow,silero,False,0.0007187842857092619,True,False,True,False,1,0.3333333333333333,9.717953892249682e-05,0.15657620041753653,3.7120331795821224,0.0,0.0,1628.5419107716755,0.0005449216163231344,0.0002527779431216453,4.9977975898836974e-05,0.0,0.0
39,2026-08-06T22:48:43.285296,shadow,silero,False,0.0006988508393988013,True,False,True,False,1,0.3333333333333333,0.0001184303304146158,0.1127348643006263,3.6970809088264303,0.0,0.0,1460.3884259426711,0.0009534681906858631,0.00027686239098530474,5.494764217067385e-05,0.0,0.0
40,2026-08-06T22:48:43.292146,shadow,silero,False,0.0006580899935215712,True,False,True,False,1,0.3333333333333333,0.00012772153464973252,0.14822546972860126,3.764390140967041,0.0,0.0,1488.6226111172762,0.0011786861811872832,0.0003510950370573601,7.86853438474964e-05,0.0,0.0
41,2026-08-06T22:48:43.298450,shadow,silero,False,0.0006011909572407603,True,False,True,False,1,0.3333333333333333,0.00010734316924778902,0.11482254697286012,3.7234518793884748,0.0,0.0,1508.684167774456,0.0007815618118782303,0.0002575101999424018,4.851235343565255e-05,0.0,0.0
42,2026-08-06T22:48:43.312300,shadow,silero,False,0.0006029885844327509,True,False,True,False,1,0.3333333333333333,0.00013104985707218113,0.13569937369519833,3.9382886330095377,0.0,0.0,1538.029402394273,0.0011367865895110748,0.00043634326729954573,0.00011533121978927304,0.0,0.0
43,2026-08-06T22:48:43.320613,shadow,silero,False,0.0005806711269542575,True,False,True,False,1,0.3333333333333333,0.00012524086828501617,0.1315240083507307,3.6814803604649615,0.0,0.0,1493.101360936406,0.0011609874009353715,0.0002988710289599506,8.294140752765219e-05,0.0,0.0
44,2026-08-06T22:48:43.330351,shadow,silero,False,0.00054843322141096,True,False,True,False,1,0.3333333333333333,0.00010903836515650513,0.14613778705636743,3.7516216792594377,0.0,0.0,1555.6837958399863,0.0008281544090581044,0.0002234139520620017,6.651953870906113e-05,0.0,0.0
45,2026-08-06T22:48:43.336705,shadow,silero,False,0.0005617180140689015,True,False,True,False,1,0.3333333333333333,0.00010975640564573164,0.0918580375782881,3.752484508671443,0.0,0.0,1545.6496596070956,0.0008471996556137854,0.00025352937830199623,6.656544660011995e-05,0.0,0.0
46,2026-08-06T22:48:43.341853,shadow,silero,False,0.0005072805215604603,True,False,True,False,1,0.3333333333333333,0.00012569965976766412,0.13987473903966596,3.729543083144493,0.0,0.0,1554.3792730324196,0.001205317940862669,0.0003162883989840632,0.0001154759328990441,0.0,0.0
47,2026-08-06T22:48:43.346310,shadow,silero,False,0.0005182797904126346,True,False,True,False,1,0.3333333333333333,7.14313666165025e-05,0.13778705636743216,3.48358273456149,0.0,0.0,1655.9132377153142,0.0003121458901368807,7.52523310483176e-05,4.053895090444962e-05,0.0,0.0
48,2026-08-06T22:48:43.348274,shadow,silero,False,0.0005182797904126346,True,False,True,False,1,0.3333333333333333,0.0001252649506793393,0.1127348643006263,3.690664566261647,0.0,0.0,1580.4489378688481,0.001196869827277817,0.0002964691061673173,9.936322819390135e-05,0.0,0.0
49,2026-08-06T22:48:43.352679,shadow,silero,False,0.0004528128483798355,True,False,True,False,1,0.3333333333333333,9.123119850517423e-05,0.1524008350730689,3.7549957319257343,0.0,0.0,1579.228427098002,0.0005448219916351998,0.0001845139217967671,6.121477111603791e-05,0.0,0.0
50,2026-08-06T22:48:43.357169,shadow,silero,False,0.000451399915618822,True,False,True,False,1,0.3333333333333333,8.542503698328979e-05,0.10855949895615867,3.2082571236499993,0.0,0.0,1613.5502237075386,0.0005113795030186473,8.544207790041482e-05,3.509422146242368e-05,0.0,0.0
51,2026-08-06T22:48:43.362401,shadow,silero,False,0.0005499146063812077,True,False,True,False,1,0.3333333333333333,0.00014310550644986542,0.1524008350730689,3.857631186786264,0.0,0.0,1550.3048583659138,0.001450506612055979,0.00045762709398959784,0.00012644933048249038,0.0,0.0
52,2026-08-06T22:48:43.368738,shadow,silero,False,0.0004832307458855212,True,False,True,False,1,0.3333333333333333,8.750578043796483e-05,0.11899791231732777,3.7809277588226022,0.0,0.0,1555.9526596208475,0.00048314541694898953,0.00016302440782756304,4.424714273066257e-05,0.0,0.0
53,2026-08-06T22:48:43.376156,shadow,silero,False,0.0005031437030993402,True,False,True,False,1,0.3333333333333333,8.987822772193553e-05,0.12108559498956159,3.828180718522162,0.0,0.0,1578.203764542108,0.00047744857235547736,0.00018907875904990046,5.230442375242619e-05,0.0,0.0
54,2026-08-06T22:48:43.381742,shadow,silero,False,0.00047211197670549154,True,False,True,False,1,0.3333333333333333,0.00013288865855028668,0.12734864300626306,3.812952610569306,0.0,0.0,1523.8746118998226,0.001240542267042372,0.00036809901931509725,9.83373827450695e-05,0.0,0.0
55,2026-08-06T22:48:43.385878,shadow,silero,False,0.0004361549508757889,True,False,True,False,1,0.3333333333333333,7.372383839212044e-05,0.15031315240083507,3.7457080149857016,0.0,0.0,1576.0920949536019,0.0002922483208550646,8.983936916188482e-05,3.7366376993268005e-05,0.0,0.0
56,2026-08-06T22:48:43.389890,shadow,silero,False,0.00041787506779655814,True,False,True,False,1,0.3333333333333333,9.771564777920546e-05,0.17745302713987474,3.8483776499516127,0.0,0.0,1556.32766015358,0.0006180570064531739,0.0002113149533117591,5.508429619329515e-05,0.0,0.0
57,2026-08-06T22:48:43.394516,shadow,silero,False,0.0004936602781526744,True,False,True,False,1,0.3333333333333333,0.00010435373675667858,0.12734864300626306,3.6138880305794103,0.0,0.0,1506.400722595723,0.000776307774426308,0.0002148492583235085,5.2671667203273876e-05,0.0,0.0
58,2026-08-06T22:48:43.403558,shadow,silero,False,0.0004592969489749521,True,False,True,False,1,0.3333333333333333,5.671661371602448e-05,0.1837160751565762,3.8993366704793986,0.0,0.0,1812.360560114887,0.00014959601278206352,4.847423435827928e-05,3.400291588845441e-05,0.0,0.0
59,2026-08-06T22:48:43.410687,shadow,silero,False,0.0004181998665444553,True,False,True,False,1,0.3333333333333333,6.395875911528822e-05,0.12317327766179541,3.336901108298171,0.0,0.0,1656.9416669294678,0.00021724953561224998,6.487529369707392e-05,1.9928662122129903e-05,0.0,0.0
60,2026-08-06T22:48:43.418328,shadow,silero,False,0.0003878591815009713,True,False,True,False,1,0.3333333333333333,9.721836890108872e-05,0.15031315240083507,3.746305703965438,0.0,0.0,1607.8381334644334,0.000634119772110292,0.00019297028898802624,6.387921288983681e-05,0.0,0.0
61,2026-08-06T22:48:43.424667,shadow,silero,False,0.0003820217680186033,True,False,True,False,1,0.3333333333333333,0.00010505023355842544,0.13778705636743216,3.7412328365741843,0.0,0.0,1478.3769850135975,0.0008102107148046452,0.00021344872481359836,5.6353737326336794e-05,0.0,0.0
62,2026-08-06T22:48:43.430241,shadow,silero,False,0.0005307411774992943,True,False,True,False,1,0.3333333333333333,7.90847845297402e-05,0.14613778705636743,3.519668816272535,0.0,0.0,1616.316118272904,0.00040612944867395555,8.18855117749036e-05,4.010781771640509e-05,0.0,0.0
63,2026-08-06T22:48:43.438597,shadow,silero,False,0.00047792107216082513,True,False,True,False,1,0.3333333333333333,0.00012613912772251227,0.12734864300626306,3.893749514502909,0.0,0.0,1531.6614655602943,0.0011385337638096717,0.00034175582359988047,0.00010646466314950753,0.0,0.0
64,2026-08-06T22:48:43.439812,shadow,silero,False,0.00047792107216082513,True,False,True,False,1,0.3333333333333333,6.0500798915809674e-05,0.13569937369519833,3.154407714275526,0.0,0.0,1639.1327728077076,0.0001967574909092112,4.5186663026505956e-05,1.5349606492563427e-05,0.0,0.0
65,2026-08-06T22:48:43.447159,shadow,silero,False,0.00039363562245853245,True,False,True,False,1,0.3333333333333333,6.643575171563818e-05,0.12526096033402923,3.536167326054345,0.0,0.0,1587.32845745547,0.0002105596184028533,6.044786151196646e-05,1.9742877509504108e-05,0.0,0.0
66,2026-08-06T22:48:43.458933,shadow,silero,False,0.0003642723604571074,True,False,True,False,1,0.3333333333333333,8.260574340250915e-05,0.12526096033402923,3.425887533107693,0.0,0.0,1619.7311721185877,0.0004984060621502941,9.710720825463599e-05,3.71185366403963e-05,0.0,0.0
67,2026-08-06T22:48:43.466559,shadow,silero,False,0.00039014036883600056,True,False,True,False,1,0.3333333333333333,0.00010876885596619232,0.13569937369519833,3.815410452525529,0.0,0.0,1533.5153843642593,0.0008216897213470782,0.0002545874803001098,6.813905367456319e-05,0.0,0.0
68,2026-08-06T22:48:43.473862,shadow,silero,False,0.0003770875046029687,True,False,True,False,1,0.3333333333333333,6.342722260207439e-05,0.15866388308977036,3.267934901122408,0.0,0.0,1728.7017650600567,0.00022537617586457996,5.715872480198208e-05,3.307364265713822e-05,0.0,0.0
69,2026-08-06T22:48:43.479130,shadow,silero,False,0.0003390867495909333,True,False,True,False,1,0.3333333333333333,7.173768926474984e-05,0.1127348643006263,3.571769351792699,0.0,0.0,1563.1768676995912,0.000348389099963984,5.997985562138894e-05,2.7619507848200367e-05,0.0,0.0
70,2026-08-06T22:48:43.486093,shadow,silero,False,0.0003393980150576681,True,False,True,False,1,0.3333333333333333,6.986889978979869e-05,0.2045929018789144,3.9365575429934783,0.0,0.0,1597.7906548512642,0.00025355438591020084,0.00011950226127570441,3.0337168755018424e-05,0.0,0.0
71,2026-08-06T22:48:43.491058,shadow,silero,False,0.0003104358329437673,True,False,True,False,1,0.3333333333333333,6.29870635277132e-05,0.1336116910229645,3.1268525089410577,0.0,0.0,1613.7333562355757,0.0002090143832109206,3.6928975119931405e-05,1.748152405573519e-05,0.0,0.0
72,2026-08-06T22:48:43.500512,shadow,silero,False,0.0002679948811419308,True,False,True,False,1,0.3333333333333333,5.856591738135614e-05,0.15866388308977036,3.590595624788146,0.0,0.0,1603.9806053933787,0.0001776150644925221,4.344650152850696e-05,1.817282527464518e-05,0.0,0.0
73,2026-08-06T22:48:43.507557,shadow,silero,False,0.0003081329632550478,True,False,True,False,1,0.3333333333333333,8.75630151873964e-05,0.12734864300626306,3.6582055837182175,0.0,0.0,1534.6262189907522,0.0005218800452419873,0.00014977965333205114,4.1438236486610234e-05,0.0,0.0
74,2026-08-06T22:48:43.515890,shadow,silero,False,0.00029930571326985955,True,False,True,False,1,0.3333333333333333,5.790693870457735e-05,0.16701461377870563,3.993233626055511,0.0,0.0,1828.766622894565,0.0001608733349235364,5.70561242864717e-05,2.9715963291086925e-05,0.0,0.0
75,2026-08-06T22:48:43.527498,shadow,silero,False,0.0003060192393604666,True,False,True,False,1,0.3333333333333333,9.665449833097055e-05,0.11899791231732777,3.652125143264755,0.0,0.0,1525.6579927998273,0.0005812975769434006,0.00018039435397292758,4.896617449667471e-05,0.0,0.0
76,2026-08-06T22:48:43.534797,shadow,silero,False,0.00028271842165850103,True,False,True,False,1,0.3333333333333333,8.20697944547783e-05,0.14822546972860126,3.6552340876605722,0.0,0.0,1605.6980831353176,0.00035356124463303286,0.00012597628757677611,4.028478435288653e-05,0.0,0.0
77,2026-08-06T22:48:43.543234,shadow,silero,False,0.0002753985463641584,True,False,True,False,1,0.3333333333333333,6.572940887671763e-05,0.1524008350730689,3.4191550269853157,0.0,0.0,1649.3153535375093,0.00021401136784832692,5.457833785987694e-05,2.4811910419216697e-05,0.0,0.0
78,2026-08-06T22:48:43.550404,shadow,silero,False,0.00025453712441958487,True,False,True,False,1,0.3333333333333333,6.61795656162816e-05,0.16701461377870563,3.3034518142545424,0.0,0.0,1622.8422119397317,0.00021130831944658266,5.98901958089247e-05,3.1911600371137374e-05,0.0,0.0
79,2026-08-06T22:48:43.560406,shadow,silero,False,0.00026998345856554806,True,False,True,False,1,0.3333333333333333,6.578727567593904e-05,0.1544885177453027,3.6753648488656685,0.0,0.0,1602.6598244041045,0.00025463214504726784,6.092882769968233e-05,2.5245522776806612e-05,0.0,0.0
80,2026-08-06T22:48:43.562715,shadow,silero,False,0.00026998345856554806,True,False,True,False,1,0.3333333333333333,7.886522450495412e-05,0.15031315240083507,3.648161148592296,0.0,0.0,1556.5500179160165,0.00040609196761606293,0.00010242866607282996,4.310390245661524e-05,0.0,0.0
81,2026-08-06T22:48:43.572509,shadow,silero,False,0.0002866173454094678,True,False,True,False,1,0.3333333333333333,6.468743842779546e-05,0.13569937369519833,3.5552387439785784,0.0,0.0,1666.5830071321298,0.00018375849548037297,7.709133600307539e-05,2.6477442837792123e-05,0.0,0.0
82,2026-08-06T22:48:43.580670,shadow,silero,False,0.00023985533334780484,True,False,True,False,1,0.3333333333333333,5.94403500789678e-05,0.16910229645093947,3.5175433466694606,0.0,0.0,1662.4997043094245,0.00017766862459091728,4.4982326396366705e-05,2.4993623645075692e-05,0.0,0.0
83,2026-08-06T22:48:43.588983,shadow,silero,False,0.0002458689850755036,True,False,True,False,1,0.3333333333333333,7.396620343040016e-05,0.13569937369519833,3.799494067907812,0.0,0.0,1594.1638019077411,0.00031311155268521045,9.971028440422554e-05,3.664494626616768e-05,0.0,0.0
84,2026-08-06T22:48:43.597119,shadow,silero,False,0.0002660384343471378,True,False,True,False,1,0.3333333333333333,6.288878875176194e-05,0.1544885177453027,3.417800297292392,0.0,0.0,1708.4232120023692,0.0002367342271278936,3.737742898286544e-05,2.578216267454739e-05,0.0,0.0
85,2026-08-06T22:48:43.603410,shadow,silero,False,0.00022336310939863324,True,False,True,False,1,0.3333333333333333,6.382058997125524e-05,0.1315240083507307,3.5299879693476264,0.0,0.0,1516.3465769343832,0.00022093288443863904,6.670944255840984e-05,1.819535335789692e-05,0.0,0.0
86,2026-08-06T22:48:43.608559,shadow,silero,False,0.00022500878549180925,True,False,True,False,1,0.3333333333333333,6.614081886360747e-05,0.12526096033402923,3.9267359318119976,0.0,0.0,1663.1892664390625,0.0002239881016977973,0.00010362635026422146,2.2558618672503096e-05,0.0,0.0
87,2026-08-06T22:48:43.617382,shadow,silero,False,0.00024000655685085803,True,False,True,False,1,0.3333333333333333,8.741062089082471e-05,0.12943632567849686,3.6999941194604498,0.0,0.0,1571.3489071090332,0.0005130819255711176,0.00013311337289413232,4.6696513766051e-05,0.0,0.0
88,2026-08-06T22:48:43.629207,shadow,silero,False,0.00027472851797938347,True,False,True,False,1,0.3333333333333333,7.516335234744042e-05,0.12526096033402923,3.321690239040507,0.0,0.0,1548.1803644291715,0.00037737843691668544,5.3415990505025564e-05,2.9532199617536216e-05,0.0,0.0
89,2026-08-06T22:48:43.635942,shadow,silero,False,0.0002485602453816682,True,False,True,False,1,0.3333333333333333,8.451870176096049e-05,0.1419624217118998,3.4713253916599807,0.0,0.0,1684.7914411052234,0.000499659668532258,0.00013269216025242318,4.661575809082744e-05,0.0,0.0
90,2026-08-06T22:48:43.644398,shadow,silero,False,0.00022656135843135417,True,False,True,False,1,0.3333333333333333,6.212189252140583e-05,0.1315240083507307,3.59187056213314,0.0,0.0,1713.634665782879,0.00019416173854430542,6.387892302134439e-05,2.2358256352377912e-05,0.0,0.0
91,2026-08-06T22:48:43.658090,shadow,silero,False,0.00028881095931865275,True,False,True,False,1,0.3333333333333333,7.584221585893951e-05,0.15657620041753653,3.820020927291944,0.0,0.0,1539.3356490478873,0.00031692495926596804,0.00011682824071902155,3.475975155669617e-05,0.0,0.0
92,2026-08-06T22:48:43.666777,shadow,silero,False,0.00026418745983392,True,False,True,False,1,0.3333333333333333,8.434784343204413e-05,0.1419624217118998,3.4408000445878795,0.0,0.0,1600.9916563247616,0.000479700194068652,9.365372663784318e-05,4.621223429485602e-05,0.0,0.0
93,2026-08-06T22:48:43.675087,shadow,silero,False,0.000295869103865698,True,False,True,False,1,0.3333333333333333,7.438009660096517e-05,0.10647181628392484,3.5676854832406573,0.0,0.0,1481.5144242819395,0.0002687883525064111,0.00013023705680796575,2.2790758397432684e-05,0.0,0.0
94,2026-08-06T22:48:43.683766,shadow,silero,False,0.00036105202161706984,True,False,True,False,1,0.3333333333333333,0.00012146553196970363,0.15866388308977036,3.802293435275021,0.0,0.0,1532.0782504405724,0.0010707053069489347,0.00031858829357156617,7.535698527787471e-05,0.0,0.0
95,2026-08-06T22:48:43.690536,shadow,silero,False,0.0002272456476930529,True,False,True,False,1,0.3333333333333333,5.7411812858558034e-05,0.1419624217118998,3.809433007252674,0.0,0.0,1793.5974946781018,0.00012756773360962192,6.494719007034446e-05,2.910006768036897e-05,0.0,0.0
96,2026-08-06T22:48:43.692202,shadow,silero,False,0.0002272456476930529,True,False,True,False,1,0.3333333333333333,6.071106799340879e-05,0.12734864300626306,3.5013590802487053,0.0,0.0,1561.0689060974903,0.00020093003775578148,4.4867296078484195e-05,1.4494321609004089e-05,0.0,0.0
97,2026-08-06T22:48:43.699335,shadow,silero,False,0.00023042430984787643,True,False,True,False,1,0.3333333333333333,7.693605771201123e-05,0.13569937369519833,3.717378888268338,0.0,0.0,1526.9928986695365,0.00033121551722195916,0.00011871167382286974,3.243004606871202e-05,0.0,0.0
98,2026-08-06T22:48:43.707055,shadow,silero,False,0.00021837966050952673,True,False,True,False,1,0.3333333333333333,6.298430205223701e-05,0.1336116910229645,3.467734930160871,0.0,0.0,1561.8095271750312,0.00021031263544399383,3.480483211447867e-05,2.2536890341576167e-05,0.0,0.0
99,2026-08-06T22:48:43.716292,shadow,silero,False,0.00017760605260264128,True,False,True,False,1,0.3333333333333333,5.289788706218745e-05,0.17118997912317327,3.7576289555543427,0.0,0.0,1743.6318164738232,0.00010673280591682884,3.445158672752729e-05,2.181780529723213e-05,0.0,0.0
100,2026-08-06T22:48:43.724930,shadow,silero,False,0.00016721880820114166,True,False,True,False,1,0.3333333333333333,6.447727918119681e-05,0.12734864300626306,3.319272358706033,0.0,0.0,1584.1984470392772,0.000207770997689847,6.859494053759602e-05,1.6353417305686264e-05,0.0,0.0
101,2026-08-06T22:48:43.735181,shadow,silero,False,0.00020611644140444696,True,False,True,False,1,0.3333333333333333,5.703682748141675e-05,0.15866388308977036,3.5927869598010824,0.0,0.0,1579.6556895119427,0.0001451715879136143,4.3530892467720926e-05,1.7170780426448926e-05,0.0,0.0
102,2026-08-06T22:48:43.743771,shadow,silero,False,0.00021438387921079993,True,False,True,False,1,0.3333333333333333,5.080272761337529e-05,0.18789144050104384,3.795945141250614,0.0,0.0,1697.5658157147036,9.684721531012975e-05,5.621938416338315e-05,1.3506843730680138e-05,0.0,0.0
103,2026-08-06T22:48:43.753122,shadow,silero,False,0.0002373884490225464,True,False,True,False,1,0.3333333333333333,5.928829327602692e-05,0.162839248434238,3.7759891468321234,0.0,0.0,1667.7447182204887,0.00014987317022613591,7.427250146681868e-05,2.6762856270795224e-05,0.0,0.0
104,2026-08-06T22:48:43.761610,shadow,silero,False,0.00019287118630018085,True,False,True,False,1,0.3333333333333333,7.708157734753237e-05,0.1419624217118998,3.544239135167483,0.0,0.0,1547.1534529616004,0.00037813689599510835,0.00010231230020900118,2.7581476267574324e-05,0.0,0.0
105,2026-08-06T22:48:43.768088,shadow,silero,False,0.00018620640912558883,True,False,True,False,1,0.3333333333333333,5.719960546762872e-05,0.1524008350730689,3.7250107834138007,0.0,0.0,1701.9807340637094,0.00014970198189827118,5.3587637032841544e-05,1.7842264599804943e-05,0.0,0.0
106,2026-08-06T22:48:43.774229,shadow,silero,False,0.0002198101719841361,True,False,True,False,1,0.3333333333333333,8.58039282014708e-05,0.1544885177453027,3.825430682842196,0.0,0.0,1532.6660917675958,0.00047706154905264805,0.00016101271073606468,4.3505312092249265e-05,0.0,0.0
107,2026-08-06T22:48:43.780017,shadow,silero,False,0.0002617704449221492,True,False,True,False,1,0.3333333333333333,6.045720358850407e-05,0.16075156576200417,3.7813309009955813,0.0,0.0,1605.7645694689238,0.00018131396691341175,6.680248199723581e-05,2.3249142863708904e-05,0.0,0.0
108,2026-08-06T22:48:43.785367,shadow,silero,False,0.0002989427011925727,True,False,True,False,1,0.3333333333333333,7.077527184896013e-05,0.1544885177453027,3.595516582073781,0.0,0.0,1542.3686472947775,0.0003029848081642631,9.406281569739835e-05,2.7409052825207768e-05,0.0,0.0
109,2026-08-06T22:48:43.791194,shadow,silero,False,0.00023292745754588395,True,False,True,False,1,0.3333333333333333,7.002437800370044e-05,0.162839248434238,3.683898741888423,0.0,0.0,1611.2560580745924,0.00027781909975041475,0.00010916749743378797,2.5926027583861375e-05,0.0,0.0
110,2026-08-06T22:48:43.799519,shadow,silero,False,0.00026758969761431217,True,False,True,False,1,0.3333333333333333,0.0001408192055435737,0.14822546972860126,3.8724381892354254,0.0,0.0,1509.6703030986857,0.0014142027904698673,0.0004332290882991254,0.0001113365946008682,0.0,0.0
111,2026-08-06T22:48:43.810469,shadow,silero,False,0.000230696692597121,True,False,True,False,1,0.3333333333333333,5.692597490634665e-05,0.15657620041753653,3.7497703875866164,0.0,0.0,1750.9837768314485,0.00015427117351586033,5.3155934998314716e-05,2.274910157598115e-05,0.0,0.0
112,2026-08-06T22:48:43.811986,shadow,silero,False,0.000230696692597121,True,False,True,False,1,0.3333333333333333,0.00012754333228761293,0.15031315240083507,4.0536547289894544,0.0,0.0,1885.2870716666393,0.0009867128922062985,0.00040487754500127885,0.00016734026097629812,0.0,0.0
113,2026-08-06T22:48:43.817511,shadow,silero,False,0.0005413502221927047,True,False,True,False,1,0.3333333333333333,0.00010319495581581732,0.15031315240083507,3.6949458683182,0.0,0.0,1487.6127709704072,0.000749341058673712,0.0002193114756925049,5.971070461299701e-05,0.0,0.0
114,2026-08-06T22:48:43.825671,shadow,silero,False,0.0005932047497481108,True,False,True,False,1,0.3333333333333333,0.00014859526222733976,0.17849686847599164,3.7645847178880976,0.0,0.0,1633.2395130460225,0.0010919329870969,0.0011294303042658903,0.0001429472608050955,0.0,0.0
115,2026-08-06T22:48:43.831480,shadow,silero,False,0.00035518337972462177,True,False,True,False,1,0.3333333333333333,0.00013438840182858626,0.1941544885177453,3.741756409074978,0.0,0.0,1589.3090617090807,0.0010959498186988398,0.0007291562779519421,9.45548184199574e-05,0.0,0.0
116,2026-08-06T22:48:43.840344,shadow,silero,False,0.00039216625737026334,True,False,True,False,1,0.3333333333333333,0.00014888800038667478,0.18997912317327767,3.8727134200979973,0.0,0.0,1632.9514550391716,0.0008305556499983244,0.0013778945162644454,0.0001049388839881188,0.0,0.0
117,2026-08-06T22:48:43.848572,shadow,silero,False,0.0004194133507553488,True,False,True,False,1,0.3333333333333333,0.00018193990026285303,0.20041753653444677,3.8368057616933244,0.0,0.0,1642.3540559123032,0.0014160436960309005,0.0020566528379956234,0.00014399318844494842,0.0,0.0
118,2026-08-06T22:48:43.858131,shadow,silero,False,0.0004213932843413204,True,False,True,False,1,0.3333333333333333,0.00021502080456367462,0.22129436325678498,3.5667502077538153,0.0,0.0,1722.8705583113533,0.0014558657786447713,0.003443877882888244,0.00015351241650830865,0.0,0.0
119,2026-08-06T22:48:43.866156,shadow,silero,False,0.0004641535342670977,True,False,True,False,1,0.3333333333333333,0.00017748172435701784,0.22755741127348644,3.197615979745425,0.0,0.0,1768.4879170919405,0.0007920092247837531,0.0025044043851610675,0.00012736562688975416,0.0,0.0
120,2026-08-06T22:48:43.877007,shadow,silero,False,0.0002776844776235521,True,False,True,False,1,0.3333333333333333,0.00015141599744189277,0.18997912317327767,3.5178153869395405,0.0,0.0,1636.5558555959487,0.0008064292703433451,0.0015503537292197703,7.716616535654116e-05,0.0,0.0
121,2026-08-06T22:48:43.885634,shadow,silero,False,0.00026315401191823184,True,False,True,False,1,0.3333333333333333,0.00012940934221502323,0.20250521920668058,3.6994153949911994,0.0,0.0,1620.9213749984262,0.0006369381265463312,0.0010380962019200521,4.692843700387659e-05,0.0,0.0
122,2026-08-06T22:48:43.896005,shadow,silero,False,0.0002481025585439056,True,False,True,False,1,0.3333333333333333,0.00012600156741984713,0.1941544885177453,3.651941095691417,0.0,0.0,1556.480389199853,0.0007926436338642574,0.0008158266305681469,4.528075858505612e-05,0.0,0.0
123,2026-08-06T22:48:43.902385,shadow,silero,False,0.00022200065723154694,True,False,True,False,1,0.3333333333333333,8.464512895810545e-05,0.1524008350730689,3.8084091594712897,0.0,0.0,1659.1866436783168,0.00032859176222616634,0.0002968113459339048,3.3675285124205535e-05,0.0,0.0
124,2026-08-06T22:48:43.906480,shadow,silero,False,0.00021785371063742787,True,False,True,False,1,0.3333333333333333,9.441457929635245e-05,0.14613778705636743,3.5435592660597415,0.0,0.0,1547.815118839996,0.00048264524888306755,0.0002957073724735129,2.9217344176269277e-05,0.0,0.0
125,2026-08-06T22:48:43.912977,shadow,silero,False,0.00020835337636526674,True,False,True,False,1,0.3333333333333333,8.953995235644235e-05,0.12734864300626306,3.5070150416983616,0.0,0.0,1588.5933308401954,0.0004646869920752557,0.00020391431426572081,2.8295839105697607e-05,0.0,0.0
126,2026-08-06T22:48:43.922263,shadow,silero,False,0.00023664925538469106,True,False,True,False,1,0.3333333333333333,9.581832709545799e-05,0.10438413361169102,3.2048175831292514,0.0,0.0,1466.3457274275788,0.000590873613845906,0.00016485999346943953,2.4481227175564965e-05,0.0,0.0
127,2026-08-06T22:48:43.930694,shadow,silero,False,0.00026481744134798646,True,False,True,False,1,0.3333333333333333,8.370466874356737e-05,0.1336116910229645,3.1160371028963327,0.0,0.0,1439.6640232916782,0.00048711524295610726,8.576430368601464e-05,2.441602752490576e-05,0.0,0.0
128,2026-08-06T22:48:43.932668,shadow,silero,False,0.00026481744134798646,True,False,True,False,1,0.3333333333333333,0.00011167138708275093,0.11064718162839249,3.3490643125368567,0.0,0.0,1433.7877969195413,0.0009220510341505582,0.0001958603701499158,4.87429679368465e-05,0.0,0.0
129,2026-08-06T22:48:43.943846,shadow,silero,False,0.0002760689239948988,True,False,True,False,1,0.3333333333333333,8.432571867991894e-05,0.10647181628392484,3.159482498025977,0.0,0.0,1482.784671204325,0.0004770619432224267,7.613431101341611e-05,2.489536942962688e-05,0.0,0.0
130,2026-08-06T22:48:43.951930,shadow,silero,False,0.00024310928711201996,True,False,True,False,1,0.3333333333333333,0.00011214067187721533,0.11064718162839249,3.511636216809562,0.0,0.0,1405.9093485513158,0.0009499351313654767,0.00018107294301844456,4.391864484747146e-05,0.0,0.0
131,2026-08-06T22:48:43.958264,shadow,silero,False,0.0002465086290612817,True,False,True,False,1,0.3333333333333333,8.241529856340736e-05,0.08977035490605428,3.147780793530765,0.0,0.0,1437.8545984122109,0.0004828697794393912,8.331351275264357e-05,2.012951892491449e-05,0.0,0.0
132,2026-08-06T22:48:43.961632,shadow,silero,False,0.0002711781417019665,True,False,True,False,1,0.3333333333333333,8.161532526929984e-05,0.14509394572025053,3.030786276318432,0.0,0.0,1609.3524990673889,0.00048740516750201877,7.629953006335177e-05,2.5201883701753465e-05,0.0,0.0
133,2026-08-06T22:48:43.965150,shadow,silero,False,0.0002806379343383014,True,False,True,False,1,0.3333333333333333,9.68313619638225e-05,0.0918580375782881,3.5076509684392776,0.0,0.0,1487.9201514707993,0.0006641611006805184,0.0001538477012156378,3.890053695505116e-05,0.0,0.0
134,2026-08-06T22:48:43.968607,shadow,silero,False,0.0003420791181270033,True,False,True,False,1,0.3333333333333333,0.0001538269571324639,0.11064718162839249,3.3981439425034785,0.0,0.0,1442.1581770244372,0.0019739610497588635,0.0005074879335667295,5.006592135493652e-05,0.0,0.0
135,2026-08-06T22:48:43.973527,shadow,silero,False,0.0005817142082378268,True,False,True,False,1,0.3333333333333333,0.0002165598618419595,0.10438413361169102,3.4209034006849945,0.0,0.0,1397.0263356595694,0.0037442634934770204,0.0011683757438518216,0.0001242015869214599,0.0,0.0
136,2026-08-06T22:48:43.985534,shadow,silero,False,0.0008594777900725603,True,False,True,False,1,0.3333333333333333,0.00020851408007810423,0.11482254697286012,3.093283245763395,0.0,0.0,1415.952110909609,0.003835541302758553,0.0008027097387880844,0.00012477737179872276,0.0,0.0
137,2026-08-06T22:48:43.993594,shadow,silero,False,0.0007538023637607694,True,False,True,False,1,0.3333333333333333,0.00014493040544792348,0.09812108559498957,3.551001685659905,0.0,0.0,1411.4292444279797,0.0017080473212246418,0.0004530861119051847,7.167170764299588e-05,0.0,0.0
138,2026-08-06T22:48:44.003983,shadow,silero,False,0.0004947272245772183,True,False,True,False,1,0.3333333333333333,0.0001387620308179425,0.07933194154488518,3.1934766078681887,0.0,0.0,1444.6596561612403,0.0015844105405808384,0.00036403274157708893,6.51089815936785e-05,0.0,0.0
139,2026-08-06T22:48:44.014004,shadow,silero,False,0.000354336341843009,True,False,True,False,1,0.3333333333333333,8.52304117067708e-05,0.12317327766179541,3.2952872895679444,0.0,0.0,1646.1259768585821,0.0005575232335114319,0.0001102327901777906,3.806906569236936e-05,0.0,0.0
140,2026-08-06T22:48:44.021888,shadow,silero,False,0.0003229844442103058,True,False,True,False,1,0.3333333333333333,0.00010095237800254294,0.12317327766179541,3.6964948071113337,0.0,0.0,1517.4098729579969,0.0007244482281180782,0.00021178434320355414,5.120655284306949e-05,0.0,0.0
141,2026-08-06T22:48:44.027295,shadow,silero,False,0.0003063263138756156,True,False,True,False,1,0.3333333333333333,0.00011063711951234185,0.1649269311064718,3.831048331888792,0.0,0.0,1555.8376607519353,0.0008932731295677372,0.0002468288342724608,7.697138919703872e-05,0.0,0.0
142,2026-08-06T22:48:44.033273,shadow,silero,False,0.00033124451874755323,True,False,True,False,1,0.3333333333333333,9.255396856005688e-05,0.10647181628392484,3.4647489167369447,0.0,0.0,1498.2392748645582,0.0006455757362485668,0.00013555248250124872,3.904352732891757e-05,0.0,0.0
143,2026-08-06T22:48:44.040045,shadow,silero,False,0.00030614587012678385,True,False,True,False,1,0.3333333333333333,8.673013562859038e-05,0.11482254697286012,3.405503511120529,0.0,0.0,1533.9311869136284,0.0004926846412419266,0.00014046913860014842,3.5165226914169786e-05,0.0,0.0
144,2026-08-06T22:48:44.044555,shadow,silero,False,0.00030614587012678385,True,False,True,False,1,0.3333333333333333,7.976088218284439e-05,0.0918580375782881,3.275397402068603,0.0,0.0,1519.0999426358253,0.0004766357688344937,7.49949606924479e-05,2.9855019591332982e-05,0.0,0.0
145,2026-08-06T22:48:44.050818,shadow,silero,False,0.0002722200006246567,True,False,True,False,1,0.3333333333333333,6.918326108159877e-05,0.11064718162839249,2.8153701408300194,0.0,0.0,1519.0177323017278,0.00032680684694244414,4.181649553122342e-05,1.8659001369103756e-05,0.0,0.0
146,2026-08-06T22:48:44.066273,shadow,silero,False,0.00028673242195509374,True,False,True,False,1,0.3333333333333333,6.656494352992659e-05,0.14613778705636743,3.204743396000319,0.0,0.0,1567.886228030294,0.0002914362658529803,6.981463942721932e-05,1.5104670304897323e-05,0.0,0.0
147,2026-08-06T22:48:44.072741,shadow,silero,False,0.0003016919072251767,True,False,True,False,1,0.3333333333333333,7.658626360853936e-05,0.12317327766179541,2.8569333316925687,0.0,0.0,1455.9472600427898,0.0004042633898225044,8.752573155257843e-05,1.299663421563525e-05,0.0,0.0
148,2026-08-06T22:48:44.080065,shadow,silero,False,0.00028433409170247614,True,False,True,False,1,0.3333333333333333,5.9327752689035566e-05,0.17118997912317327,3.4891468716030025,0.0,0.0,1635.3711200555017,0.00017820991852846688,6.544680231507613e-05,1.635490244311268e-05,0.0,0.0
149,2026-08-06T22:48:44.089849,shadow,silero,False,0.00030844478169456124,True,False,True,False,1,0.3333333333333333,6.382555860871155e-05,0.15031315240083507,3.620635698709643,0.0,0.0,1627.1329910534566,0.00021254795717536156,8.031663062385073e-05,2.5280521715068227e-05,0.0,0.0
150,2026-08-06T22:48:44.094757,shadow,silero,False,0.0003747412993106991,True,False,True,False,1,0.3333333333333333,8.859332775356283e-05,0.1524008350730689,3.7867883270676015,0.0,0.0,1565.2884560920575,0.0003667776678655303,0.0002702767417627329,4.373227705454699e-05,0.0,0.0
151,2026-08-06T22:48:44.104664,shadow,silero,False,0.0002996923285536468,True,False,True,False,1,0.3333333333333333,7.242323927035023e-05,0.1732776617954071,3.552991771510151,0.0,0.0,1656.8351543038107,0.0002478410636009564,0.00019880332138837278,1.8707200618720803e-05,0.0,0.0
152,2026-08-06T22:48:44.113310,shadow,silero,False,0.0002346574328839779,True,False,True,False,1,0.3333333333333333,8.045538289745235e-05,0.12943632567849686,3.70539458412056,0.0,0.0,1624.6484737938754,0.00033959537242237044,0.00020549464646791622,3.945909944068686e-05,0.0,0.0
153,2026-08-06T22:48:44.121366,shadow,silero,False,0.0002213870466221124,True,False,True,False,1,0.3333333333333333,7.289632346348626e-05,0.1440501043841336,3.411081152021397,0.0,0.0,1606.7447630917577,0.000276199812605024,0.00013635965040612846,2.2924307258467715e-05,0.0,0.0
154,2026-08-06T22:48:44.129332,shadow,silero,False,0.000240144130657427,True,False,True,False,1,0.3333333333333333,6.942351409878338e-05,0.1440501043841336,3.5071224767859097,0.0,0.0,1610.8328324482022,0.00022563512303718452,0.00015046640428131684,2.5033268239751e-05,0.0,0.0
155,2026-08-06T22:48:44.135417,shadow,silero,False,0.0002513422805350274,True,False,True,False,1,0.3333333333333333,0.00010426132943416949,0.12108559498956159,3.619356214119878,0.0,0.0,1469.532134634091,0.0007098124538832197,0.0002291926800236626,6.0087526310051004e-05,0.0,0.0
156,2026-08-06T22:48:44.143489,shadow,silero,False,0.00024513332755304873,True,False,True,False,1,0.3333333333333333,6.305998757095285e-05,0.16910229645093947,3.6153700728042617,0.0,0.0,1722.007845839291,0.00015225963560397873,0.00010949185824458452,2.2146009033183596e-05,0.0,0.0
157,2026-08-06T22:48:44.150975,shadow,silero,False,0.00023814789892639965,True,False,True,False,1,0.3333333333333333,6.814725212863725e-05,0.1315240083507307,3.4808381438325973,0.0,0.0,1613.3641879122817,0.00025226212040087515,0.0001252951218421409,1.7368305194827158e-05,0.0,0.0
158,2026-08-06T22:48:44.162368,shadow,silero,False,0.0003081726317759603,True,False,True,False,1,0.3333333333333333,7.40936558396986e-05,0.1544885177453027,3.6688097507753255,0.0,0.0,1635.406806862516,0.0003444489986361149,0.0001074719075996773,3.5712941995425944e-05,0.0,0.0
159,2026-08-06T22:48:44.171763,shadow,silero,False,0.00023036105267237872,True,False,True,False,1,0.3333333333333333,6.16554531070151e-05,0.14613778705636743,3.5327422716459274,0.0,0.0,1758.7433981382408,0.00018651544789228383,8.579717631461378e-05,1.6660151330468125e-05,0.0,0.0
160,2026-08-06T22:48:44.173694,shadow,silero,False,0.00023036105267237872,True,False,True,False,1,0.3333333333333333,7.164202519644725e-05,0.16910229645093947,3.6981253062868604,0.0,0.0,1596.63644616821,0.0002900236502238381,0.00010727209911616956,3.982264284557541e-05,0.0,0.0
161,2026-08-06T22:48:44.184490,shadow,silero,False,0.0002234975399915129,True,False,True,False,1,0.3333333333333333,9.965621009056903e-05,0.1732776617954071,3.6558546762636155,0.0,0.0,1527.742466304226,0.000647708888025725,0.0002156491102977155,6.097989482475011e-05,0.0,0.0
162,2026-08-06T22:48:44.194501,shadow,silero,False,0.00028185747214592993,True,False,True,False,1,0.3333333333333333,5.330686041609929e-05,0.17536534446764093,3.6131647881162414,0.0,0.0,1706.1151110845462,0.00011183159221371343,6.821256972755405e-05,1.915101922386671e-05,0.0,0.0
163,2026-08-06T22:48:44.201795,shadow,silero,False,0.00022125641407910734,True,False,True,False,1,0.3333333333333333,0.00010008312765167894,0.12526096033402923,3.661930163512261,0.0,0.0,1558.5844399821176,0.0006806416866421588,0.00021774796410029234,6.504781245578077e-05,0.0,0.0
164,2026-08-06T22:48:44.208570,shadow,silero,False,0.00022185909620020539,True,False,True,False,1,0.3333333333333333,0.00010632703216017917,0.15866388308977036,3.534801466341346,0.0,0.0,1543.9479534582742,0.0006764933233708955,0.0002244513649822984,0.00015646407360348855,0.0,0.0
165,2026-08-06T22:48:44.218329,shadow,silero,False,0.00022505341621581465,True,False,True,False,1,0.3333333333333333,6.998498837052626e-05,0.2359081419624217,3.5615453102539636,0.0,0.0,2004.1965366798197,0.00010622498871069938,0.00016465810635035588,0.0001523357970845705,0.0,0.0
166,2026-08-06T22:48:44.227556,shadow,silero,False,0.0002503502182662487,True,False,True,False,1,0.3333333333333333,0.0007104085895913863,0.21085594989561587,3.510104402068812,0.0,0.0,1520.622479609212,0.03411888949681929,0.022012337182997964,0.0015873089054877377,0.0,0.0
167,2026-08-06T22:48:44.237694,shadow,silero,False,0.0019670245237648487,True,False,True,False,1,0.3333333333333333,0.0006470323578813364,0.26931106471816285,3.6741588109477608,0.0,0.0,2104.0103693401597,0.006899983542296394,0.028146489221030822,0.012971725323496235,0.0,0.0
168,2026-08-06T22:48:44.244533,shadow,silero,False,0.004404185805469751,True,False,True,False,1,0.3333333333333333,0.0008451898855594267,0.29227557411273486,3.7256679916077626,0.0,0.0,2220.4994851396364,0.015744942070240873,0.029685640260783824,0.03657045916668508,0.0,0.0
169,2026-08-06T22:48:44.253768,shadow,silero,False,0.007170123979449272,True,False,True,False,1,0.3333333333333333,0.0011312719822355105,0.29436325678496866,3.841071489085943,0.0,0.0,2149.709237975552,0.030095495216691002,0.06855607147639088,0.048128376639741254,0.0,0.0
170,2026-08-06T22:48:44.259498,shadow,silero,False,0.042002368718385696,True,False,True,False,0,0.0,0.0011565557267426657,0.3444676409185804,4.144839357150221,0.0,0.0,2602.5149313386296,0.01625421883007089,0.06299488698615181,0.06576213067230502,0.0,0.0
171,2026-08-06T22:48:44.267761,shadow,silero,False,0.17358580231666565,True,False,True,False,0,0.0,0.0013598744703813715,0.37995824634655534,4.280080310208409,0.0,0.0,2874.5323225018624,0.007860226932914039,0.06220328831259702,0.1316323363573813,0.0,0.0
172,2026-08-06T22:48:44.276494,shadow,silero,True,0.5118552446365356,True,False,True,False,0,0.0,0.0010568610968898135,0.3068893528183716,4.223204140520414,0.0,0.0,2641.1970406926735,0.014234018574999811,0.05384762020019275,0.05491256430794591,0.0,0.0
173,2026-08-06T22:48:44.285688,shadow,silero,True,0.6470049619674683,True,False,True,False,1,0.3333333333333333,0.0008987742838198034,0.2964509394572025,4.029671371552269,0.0,0.0,2277.42303247623,0.016175825254452693,0.04695735567607012,0.028505785465038857,0.0,0.0
174,2026-08-06T22:48:44.297637,shadow,silero,True,0.5143150091171265,True,False,True,False,1,0.3333333333333333,0.0008112688144939707,0.2860125260960334,4.098761821694323,0.0,0.0,2348.287635631566,0.00959124160972855,0.04511208488321865,0.01903474681624169,0.0,0.0
175,2026-08-06T22:48:44.307897,shadow,silero,True,0.5174699425697327,True,False,True,False,0,0.0,0.0009341159028434931,0.3757828810020877,4.292312455829182,0.0,0.0,2955.2476293227464,0.00705208936681469,0.016756737544520464,0.0612899623083532,0.0,0.0
176,2026-08-06T22:48:44.309978,shadow,silero,True,0.5174699425697327,True,False,True,False,0,0.0,0.0009543414771758192,0.3757828810020877,4.400176359047794,0.0,0.0,2922.0043173225918,0.00796173931969455,0.018286864265311027,0.06325436973649587,0.0,0.0
177,2026-08-06T22:48:44.319100,shadow,silero,False,0.4211016595363617,True,False,True,False,1,0.3333333333333333,0.0014416959711183207,0.2546972860125261,3.712642603135403,0.0,0.0,2171.6665937520747,0.06048436321690997,0.1501358847417598,0.024780047218879057,0.0,0.0
178,2026-08-06T22:48:44.327897,shadow,silero,True,0.7508518695831299,True,False,True,False,1,0.3333333333333333,0.002880472270012887,0.22755741127348644,3.901760569435192,0.0,0.0,1902.2790778047222,0.11652372630300553,0.7107036786436949,0.12542041585272368,0.0,0.0
179,2026-08-06T22:48:44.337646,shadow,silero,True,0.6011894941329956,True,False,True,False,1,0.3333333333333333,0.002370468136777458,0.18162839248434237,3.2548227684709077,0.0,0.0,1815.2907138771286,0.04055242605643101,0.568662528789578,0.036909538194409786,0.0,0.0
180,2026-08-06T22:48:44.346908,shadow,silero,False,0.38352543115615845,True,False,True,False,1,0.3333333333333333,0.0015867746497189212,0.15866388308977036,3.2251154473342494,0.0,0.0,1471.93239855863,0.06360628273819449,0.22011880216743018,0.005319098931759901,0.0,0.0
181,2026-08-06T22:48:44.354034,shadow,silero,False,0.2067684531211853,True,False,True,False,1,0.3333333333333333,0.0010410092662555784,0.12734864300626306,3.1049537309374973,0.0,0.0,1278.3956730711272,0.07026221872953281,0.05279223826702839,0.0007230864216883805,0.0,0.0
182,2026-08-06T22:48:44.362309,shadow,silero,False,0.10576425492763519,True,False,True,False,1,0.3333333333333333,0.0008283904880248953,0.12734864300626306,3.100898567171184,0.0,0.0,1321.3568407730038,0.059892403838232126,0.017390016258481404,0.000881900218418507,0.0,0.0
183,2026-08-06T22:48:44.375374,shadow,silero,False,0.0777151808142662,True,False,True,False,1,0.3333333333333333,0.0011260091963123616,0.16701461377870563,3.6256139671720344,0.0,0.0,1538.5760560956055,0.049082811161278876,0.08853576324197543,0.00772287669434971,0.0,0.0
184,2026-08-06T22:48:44.385744,shadow,silero,False,0.05484902486205101,True,False,True,False,1,0.3333333333333333,0.0014207489180182715,0.1732776617954071,3.647314706630128,0.0,0.0,1587.4712162124206,0.06622147396630969,0.15790845243023757,0.007335191837909882,0.0,0.0
185,2026-08-06T22:48:44.389726,shadow,silero,False,0.05901295319199562,True,False,True,False,1,0.3333333333333333,0.0018113232573268986,0.19206680584551147,3.317764862042853,0.0,0.0,2030.4050242969759,0.22742080064262563,0.08523028042336628,0.06221403856008382,0.0,0.0
186,2026-08-06T22:48:44.393154,shadow,silero,False,0.04665315896272659,True,False,True,False,1,0.3333333333333333,0.0014958060510751139,0.25260960334029225,3.828420868191683,0.0,0.0,2021.5199650491868,0.0667010757058426,0.07799554972867692,0.10677310355380881,0.0,0.0
187,2026-08-06T22:48:44.396481,shadow,silero,False,0.07797028869390488,True,False,True,False,1,0.3333333333333333,0.001177726923411776,0.2630480167014614,3.5495918516830085,0.0,0.0,2053.935467106455,0.0372956023957761,0.07567918537251686,0.0449225607931481,0.0,0.0
188,2026-08-06T22:48:44.399808,shadow,silero,False,0.16162393987178802,True,False,True,False,0,0.0,0.0008440132481582115,0.325678496868476,4.2754584438145615,0.0,0.0,2620.676539056496,0.02154079180085565,0.030832790048330713,0.018441589091318464,0.0,0.0
189,2026-08-06T22:48:44.403632,shadow,silero,False,0.2938266098499298,True,False,True,False,0,0.0,0.000777733051986118,0.3089770354906054,4.166694158572662,0.0,0.0,2505.890842795862,0.033194377966836386,0.01610809380181162,0.010288288003649934,0.0,0.0
190,2026-08-06T22:48:44.410402,shadow,silero,False,0.28039053082466125,True,False,True,False,1,0.3333333333333333,0.00022443547475498168,0.15657620041753653,3.479441540433963,0.0,0.0,1660.9336412167356,0.004288023838639976,0.00084732138392013,0.0003137048534717137,0.0,0.0
191,2026-08-06T22:48:44.418083,shadow,silero,False,0.2642885744571686,True,False,True,False,1,0.3333333333333333,0.00019563484074798586,0.17536534446764093,3.7671453123780148,0.0,0.0,1721.26401570511,0.0028006596598301467,0.0008393081521356001,0.0003209145588287638,0.0,0.0
192,2026-08-06T22:48:44.419795,shadow,silero,False,0.2642885744571686,True,False,True,False,1,0.3333333333333333,0.002706108111015259,0.11482254697286012,3.365273366055485,0.0,0.0,1478.6065733324435,0.6719464512647833,0.13561998754059046,0.029881072281549202,0.0,0.0
193,2026-08-06T22:48:44.424941,shadow,silero,True,0.5645108222961426,True,False,True,False,1,0.3333333333333333,0.0034499857531793,0.18997912317327767,3.6123469825216104,0.0,0.0,1939.5933508707985,0.34995993560122807,0.9407328514172721,0.07203694291467493,0.0,0.0
194,2026-08-06T22:48:44.430280,shadow,silero,False,0.4160807430744171,True,False,True,False,1,0.3333333333333333,0.004171429968312816,0.1544885177453027,2.7755249076238973,0.0,0.0,1753.8869456010254,0.46787972042239645,1.49612790481634,0.037827375396874925,0.0,0.0
195,2026-08-06T22:48:44.440628,shadow,silero,False,0.3646635115146637,True,False,True,False,1,0.3333333333333333,0.0027985505660049707,0.1524008350730689,3.053325192022558,0.0,0.0,1562.5385939435043,0.37725804214063585,0.5045963425321648,0.017041060850129523,0.0,0.0
196,2026-08-06T22:48:44.448909,shadow,silero,False,0.3176030218601227,True,False,True,False,1,0.3333333333333333,0.003129845121321333,0.16075156576200417,3.0839610910606483,0.0,0.0,1646.3409033540752,0.4516715652791988,0.658886347464458,0.014648619703907857,0.0,0.0
197,2026-08-06T22:48:44.455667,shadow,silero,False,0.2317112684249878,True,False,True,False,1,0.3333333333333333,0.0020494670388829777,0.1544885177453027,3.334329046021043,0.0,0.0,1801.9363380837635,0.214835473339103,0.24918672793477384,0.015848866451014076,0.0,0.0
198,2026-08-06T22:48:44.465266,shadow,silero,False,0.217947855591774,True,False,True,False,1,0.3333333333333333,0.0017319336233061432,0.15866388308977036,3.203306604629883,0.0,0.0,1554.0406169648622,0.10419583169283794,0.22922611721609076,0.010093907649993274,0.0,0.0
199,2026-08-06T22:48:44.476089,shadow,silero,False,0.17135407030582428,True,False,True,False,1,0.3333333333333333,0.0021853699344495984,0.1544885177453027,3.1519072655568436,0.0,0.0,1469.336654160195,0.27460182522547827,0.2658574057027464,0.007211284300050985,0.0,0.0
200,2026-08-06T22:48:44.485096,shadow,silero,False,0.16899654269218445,True,False,True,False,1,0.3333333333333333,0.0015805080679845466,0.16075156576200417,3.529633268072292,0.0,0.0,1444.305666080542,0.12039790215709394,0.15735671431336049,0.0077925168451934606,0.0,0.0
201,2026-08-06T22:48:44.493623,shadow,silero,False,0.14225071668624878,True,False,True,False,1,0.3333333333333333,0.002169240664193023,0.12526096033402923,2.427603756718891,0.0,0.0,1571.178431619845,0.2558101063280707,0.2746442712520228,0.008931377080425636,0.0,0.0
202,2026-08-06T22:48:44.501339,shadow,silero,False,0.11526515334844589,True,False,True,False,1,0.3333333333333333,0.0014379528783228068,0.14613778705636743,3.1527306618363173,0.0,0.0,1541.4496920658885,0.1345296244141702,0.09490996459402551,0.005323639676485759,0.0,0.0
203,2026-08-06T22:48:44.508907,shadow,silero,False,0.1069439947605133,True,False,True,False,1,0.3333333333333333,0.0008988988103783775,0.14822546972860126,3.8013592503737588,0.0,0.0,1511.472980683826,0.057929433750238346,0.027856281507107523,0.003882964229968193,0.0,0.0
204,2026-08-06T22:48:44.516829,shadow,silero,False,0.11671280860900879,True,False,True,False,1,0.3333333333333333,0.0007743834816554082,0.1336116910229645,3.807713501616684,0.0,0.0,1500.049660552294,0.04650790821353084,0.01569117336121252,0.0026603835085985046,0.0,0.0
205,2026-08-06T22:48:44.525372,shadow,silero,False,0.12057340145111084,True,False,True,False,1,0.3333333333333333,0.0008689217844411937,0.1315240083507307,3.9198039645597706,0.0,0.0,1524.662711755203,0.05683415295515162,0.0196418161260215,0.0043566951700383045,0.0,0.0
206,2026-08-06T22:48:44.532486,shadow,silero,False,0.10746651142835617,True,False,True,False,1,0.3333333333333333,0.0012035415330092641,0.10855949895615867,3.882432837137021,0.0,0.0,1494.4956943348163,0.11395630023709373,0.03316429572328368,0.008170900104769648,0.0,0.0
207,2026-08-06T22:48:44.540507,shadow,silero,False,0.09972723573446274,True,False,True,False,1,0.3333333333333333,0.0015128970777442787,0.11482254697286012,3.895826611207949,0.0,0.0,1493.9781198975502,0.1804821357277442,0.05203743795462345,0.012804620408985615,0.0,0.0
208,2026-08-06T22:48:44.544782,shadow,silero,False,0.09972723573446274,True,False,True,False,1,0.3333333333333333,0.0016538033506179732,0.1440501043841336,3.910635285149798,0.0,0.0,1504.7817376107084,0.2114708272994394,0.06352533761464868,0.01713968910515743,0.0,0.0
209,2026-08-06T22:48:44.555204,shadow,silero,False,0.09252109378576279,True,False,True,False,1,0.3333333333333333,0.0017875596741113845,0.11899791231732777,3.90203119625063,0.0,0.0,1498.56487051122,0.251623143254156,0.07186316377233426,0.01833983951781342,0.0,0.0
210,2026-08-06T22:48:44.565236,shadow,silero,False,0.08447038382291794,True,False,True,False,1,0.3333333333333333,0.0018270547676453859,0.1336116910229645,3.8970257912464525,0.0,0.0,1497.8850152735995,0.2619039154108626,0.07541363183722621,0.019142820969582194,0.0,0.0
211,2026-08-06T22:48:44.573469,shadow,silero,False,0.07612909376621246,True,False,True,False,1,0.3333333333333333,0.0019677225038865665,0.11482254697286012,3.896396565454756,0.0,0.0,1494.9416560029315,0.3032324470706275,0.08832775256790652,0.02184485234028742,0.0,0.0
212,2026-08-06T22:48:44.582959,shadow,silero,False,0.06684663891792297,True,False,True,False,1,0.3333333333333333,0.0020631213109988658,0.08559498956158663,3.8946150079781665,0.0,0.0,1492.8358769213974,0.3339200698020289,0.09704529842912217,0.023814600122550194,0.0,0.0
213,2026-08-06T22:48:44.590142,shadow,silero,False,0.05962719768285751,True,False,True,False,1,0.3333333333333333,0.0020607171103146768,0.1022964509394572,3.9000478569081887,0.0,0.0,1492.1219322806771,0.33227837066508015,0.09703392636883945,0.023883984003790878,0.0,0.0
214,2026-08-06T22:48:44.602039,shadow,silero,False,0.0517582930624485,True,False,True,False,1,0.3333333333333333,0.001959330561113368,0.07933194154488518,3.894167987358392,0.0,0.0,1493.6248601785176,0.3018447994449896,0.08739896491854152,0.02154197363643404,0.0,0.0
215,2026-08-06T22:48:44.612216,shadow,silero,False,0.04660758376121521,True,False,True,False,1,0.3333333333333333,0.0019480683211576645,0.09394572025052192,3.897528494622532,0.0,0.0,1494.8608604988913,0.29814937385948354,0.08668115262113721,0.021387921371687574,0.0,0.0
216,2026-08-06T22:48:44.623146,shadow,silero,False,0.04226277768611908,True,False,True,False,1,0.3333333333333333,0.0017920077914551297,0.08350730688935282,3.8860739153532515,0.0,0.0,1495.083326812375,0.25374662402512493,0.07290977141441614,0.018044063347101156,0.0,0.0
217,2026-08-06T22:48:44.632157,shadow,silero,False,0.036744698882102966,True,False,True,False,1,0.3333333333333333,0.0017220300249722955,0.10020876826722339,3.888601096406105,0.0,0.0,1493.8307056252384,0.23407804737021662,0.06698642424877697,0.016554451851112484,0.0,0.0
218,2026-08-06T22:48:44.642595,shadow,silero,False,0.034145113080739975,True,False,True,False,1,0.3333333333333333,0.001447420852610896,0.0918580375782881,3.8871752565796185,0.0,0.0,1497.9123309638321,0.1651719747628414,0.047513002291995086,0.011819874522541095,0.0,0.0
219,2026-08-06T22:48:44.648748,shadow,silero,False,0.03177327290177345,True,False,True,False,1,0.3333333333333333,0.0012617302006564665,0.0918580375782881,3.8942225824053556,0.0,0.0,1495.0600778676828,0.12528115402128964,0.03584042334719409,0.00901734784549358,0.0,0.0
220,2026-08-06T22:48:44.654563,shadow,silero,False,0.029865071177482605,True,False,True,False,1,0.3333333333333333,0.001089576283247541,0.10020876826722339,3.868064141595056,0.0,0.0,1496.3649797151143,0.09433813658436324,0.026306111317404058,0.006651673398717015,0.0,0.0
221,2026-08-06T22:48:44.661930,shadow,silero,False,0.02761489525437355,True,False,True,False,1,0.3333333333333333,0.0008562885073282695,0.12317327766179541,3.8827048112475713,0.0,0.0,1486.701125528732,0.05790873828777676,0.016354820404556186,0.0040237375394175014,0.0,0.0
222,2026-08-06T22:48:44.672649,shadow,silero,False,0.025879517197608948,True,False,True,False,1,0.3333333333333333,0.0007223613360940514,0.09603340292275574,3.8809547662464667,0.0,0.0,1501.3106601370553,0.04119559001474524,0.011542585582921237,0.0029742419979423658,0.0,0.0
223,2026-08-06T22:48:44.680263,shadow,silero,False,0.02496476098895073,True,False,True,False,1,0.3333333333333333,0.0006826596780711157,0.10020876826722339,3.8493982027252622,0.0,0.0,1494.9426949750248,0.037431924101937804,0.010009191684541915,0.002543509165722046,0.0,0.0
224,2026-08-06T22:48:44.681845,shadow,silero,False,0.02496476098895073,True,False,True,False,1,0.3333333333333333,0.0006952021085815265,0.08350730688935282,3.885835090415932,0.0,0.0,1511.6558110209264,0.03768013735368267,0.010964340175997891,0.002782692383208194,0.0,0.0
225,2026-08-06T22:48:44.689662,shadow,silero,False,0.022982804104685783,True,False,True,False,1,0.3333333333333333,0.0007487360769292315,0.081419624217119,3.875079568903514,0.0,0.0,1491.3424275199152,0.04457683612360146,0.012554374249494132,0.0030954710897928553,0.0,0.0
226,2026-08-06T22:48:44.695664,shadow,silero,False,0.01823144592344761,True,False,True,False,1,0.3333333333333333,0.000624240331493447,0.09603340292275574,3.9080494611946386,0.0,0.0,1503.0743706151784,0.030085393634033505,0.009087856553843981,0.0022022336495194517,0.0,0.0
227,2026-08-06T22:48:44.701224,shadow,silero,False,0.01717348024249077,True,False,True,False,1,0.3333333333333333,0.0005956594320665891,0.10020876826722339,3.8761945171071757,0.0,0.0,1493.4908714668504,0.02805844207348602,0.007979940684246567,0.0019825661096623272,0.0,0.0
228,2026-08-06T22:48:44.706387,shadow,silero,False,0.015520608052611351,True,False,True,False,1,0.3333333333333333,0.00043103952514509904,0.07933194154488518,3.828414230625932,0.0,0.0,1507.8059747695117,0.014577559343096326,0.003986754017038425,0.0010675790233286243,0.0,0.0
229,2026-08-06T22:48:44.711478,shadow,silero,False,0.01344315242022276,True,False,True,False,1,0.3333333333333333,0.0003166341021889127,0.08977035490605428,3.872542843249044,0.0,0.0,1496.1911057024654,0.007702626099162637,0.002289702323167992,0.0005548431557517465,0.0,0.0
230,2026-08-06T22:48:44.720463,shadow,silero,False,0.012901706621050835,True,False,True,False,1,0.3333333333333333,0.00015896872957967288,0.10647181628392484,4.09958470064546,0.0,0.0,1800.7945223519678,0.0009668998634389894,0.0009559981312899068,0.0007042519908563987,0.0,0.0
231,2026-08-06T22:48:44.729304,shadow,silero,False,0.011990860104560852,True,False,True,False,1,0.3333333333333333,8.101510186529713e-05,0.0918580375782881,3.0402095469220956,0.0,0.0,1610.1805739157537,0.0004696986333869623,4.666387172224012e-05,3.386544486881563e-05,0.0,0.0
232,2026-08-06T22:48:44.743406,shadow,silero,False,0.009990500286221504,True,False,True,False,1,0.3333333333333333,0.00011833736815925715,0.081419624217119,3.4679304037390746,0.0,0.0,1517.667709870253,0.0009750744512906168,0.0002403207922192177,7.316186031440737e-05,0.0,0.0
233,2026-08-06T22:48:44.754655,shadow,silero,False,0.009708458557724953,True,False,True,False,1,0.3333333333333333,0.00014289664800548263,0.1022964509394572,3.7695526986665704,0.0,0.0,1497.455398037448,0.0014302765165057302,0.0004603305828154668,0.00010299848884259888,0.0,0.0
234,2026-08-06T22:48:44.765717,shadow,silero,False,0.00921438354998827,True,False,True,False,1,0.3333333333333333,0.00019180516173124455,0.11064718162839249,3.842499384727222,0.0,0.0,1514.882096037715,0.0027845644540737133,0.0008097903165362853,0.0002543375001975376,0.0,0.0
235,2026-08-06T22:48:44.778543,shadow,silero,False,0.00840040110051632,True,False,True,False,1,0.3333333333333333,0.000301992582970719,0.10647181628392484,3.8388158481670516,0.0,0.0,1503.5533100528057,0.007256820887025389,0.0019426311037708326,0.0004989423278083742,0.0,0.0
236,2026-08-06T22:48:44.791257,shadow,silero,False,0.008246847428381443,True,False,True,False,1,0.3333333333333333,0.00028788257654617527,0.09812108559498957,3.9080253837307777,0.0,0.0,1509.3423978368974,0.006447596600533677,0.001856185986115661,0.0004646693836558761,0.0,0.0
237,2026-08-06T22:48:44.801472,shadow,silero,False,0.007669677026569843,True,False,True,False,1,0.3333333333333333,0.0003188973473115861,0.10438413361169102,3.807787557614991,0.0,0.0,1514.1595247723958,0.008112873628096073,0.0021123808841771825,0.000593505118968261,0.0,0.0
238,2026-08-06T22:48:44.810783,shadow,silero,False,0.00743244169279933,True,False,True,False,1,0.3333333333333333,0.0003273491369055148,0.11899791231732777,3.8996973848016845,0.0,0.0,1503.1890296410268,0.008212587319726721,0.002532921130165935,0.0006026783793096994,0.0,0.0
239,2026-08-06T22:48:44.817932,shadow,silero,False,0.0062976679764688015,True,False,True,False,1,0.3333333333333333,0.0003384685415679075,0.10438413361169102,3.834736051321673,0.0,0.0,1504.31428488833,0.008789725197923454,0.0027102888844190527,0.000652673268095367,0.0,0.0
240,2026-08-06T22:48:44.819569,shadow,silero,False,0.0062976679764688015,True,False,True,False,1,0.3333333333333333,0.0003166743556706974,0.14613778705636743,3.938685404511722,0.0,0.0,1529.2656580448509,0.007575875143766458,0.00246669826987913,0.0006184320515063721,0.0,0.0
241,2026-08-06T22:48:44.826240,shadow,silero,False,0.005538669880479574,True,False,True,False,1,0.3333333333333333,0.000269505219490739,0.1524008350730689,3.8265119576616664,0.0,0.0,1506.5794075673994,0.005514527029620834,0.0017303094861237552,0.00041751529627812435,0.0,0.0
242,2026-08-06T22:48:44.834200,shadow,silero,False,0.004976002499461174,True,False,True,False,1,0.3333333333333333,0.0003898722781993332,0.17536534446764093,4.263776434968266,0.0,0.0,1898.5871407929674,0.0063463433323435025,0.005646662673181132,0.004806540531945384,0.0,0.0
243,2026-08-06T22:48:44.846040,shadow,silero,False,0.003881639800965786,True,False,True,False,1,0.3333333333333333,0.0002922184111275841,0.11899791231732777,3.831248520052747,0.0,0.0,1508.9295201898792,0.0066768935226165374,0.0020335491778342156,0.0004554257122798322,0.0,0.0
244,2026-08-06T22:48:44.853946,shadow,silero,False,0.009330027736723423,True,False,True,False,1,0.3333333333333333,0.0021904272536929846,0.16701461377870563,3.3921461518432934,0.0,0.0,1839.8291107509476,0.0815808649503489,0.4444611834206276,0.025187509540386822,0.0,0.0
245,2026-08-06T22:48:44.863073,shadow,silero,False,0.041616372764110565,True,False,True,False,1,0.3333333333333333,0.003949319911211225,0.24217118997912318,3.52856056272685,0.0,0.0,1974.035531495499,0.08862303181708603,1.2903044044194327,0.41493132793887433,0.0,0.0
246,2026-08-06T22:48:44.871551,shadow,silero,False,0.05481340363621712,True,False,True,False,1,0.3333333333333333,0.00485560114620443,0.2881002087682672,3.494637663623693,0.0,0.0,2226.305915493359,0.1265398498286665,1.2225756015562002,1.3608142519654025,0.0,0.0
247,2026-08-06T22:48:44.879978,shadow,silero,False,0.10601691901683807,True,False,True,False,1,0.3333333333333333,0.002521604589845496,0.2818371607515658,3.6690674374323478,0.0,0.0,2091.4113982268395,0.1449902195137548,0.28895797768415704,0.29507785180416113,0.0,0.0
248,2026-08-06T22:48:44.888690,shadow,silero,False,0.13397783041000366,True,False,True,False,1,0.3333333333333333,0.0025748908956738504,0.23799582463465555,3.7947312795903496,0.0,0.0,1959.121348531041,0.2730036590145591,0.28800484750415034,0.1949735520234107,0.0,0.0
249,2026-08-06T22:48:44.902319,shadow,silero,False,0.11084675788879395,True,False,True,False,2,0.6666666666666666,0.006275910529921782,0.2567849686847599,3.592269704948052,0.0,0.0,2151.667351162936,0.426632093877743,2.497643306603511,1.5948748367845085,0.0,0.0
250,2026-08-06T22:48:44.910433,shadow,silero,False,0.09058781713247299,True,False,True,False,2,0.6666666666666666,0.007199067799033949,0.24217118997912318,3.6770498381345815,0.0,0.0,2052.068254332784,0.23800703935270828,4.340879639804339,1.3798637557482065,0.0,0.0
251,2026-08-06T22:48:44.921207,shadow,silero,False,0.0953092873096466,True,False,True,False,2,0.6666666666666666,0.006686576818258634,0.2254697286012526,3.5365551673621316,0.0,0.0,1982.170634342083,0.2929197396791549,3.8563430874737668,0.988874235950043,0.0,0.0
252,2026-08-06T22:48:44.926518,shadow,silero,False,0.0873328447341919,True,False,True,False,2,0.6666666666666666,0.005286807318960062,0.17954070981210857,3.3262763406056064,0.0,0.0,1866.7988908658394,0.11571061870123353,2.824719192297805,0.27158079555311215,0.0,0.0
253,2026-08-06T22:48:44.933638,shadow,silero,False,0.07880356907844543,True,False,True,False,1,0.3333333333333333,0.004415343120732611,0.19832985386221294,3.418880295929425,0.0,0.0,1871.3953951041362,0.1131936805195829,1.9411260531448535,0.1719583350818844,0.0,0.0
254,2026-08-06T22:48:44.938406,shadow,silero,False,0.07221014052629471,True,False,True,False,2,0.6666666666666666,0.005082482431968324,0.16910229645093947,3.1456087002164614,0.0,0.0,1643.8521342596978,0.159526542030392,2.6978062200163975,0.10656541923861784,0.0,0.0
255,2026-08-06T22:48:44.943722,shadow,silero,False,0.0688144639134407,True,False,True,False,1,0.3333333333333333,0.004123742084945501,0.1649269311064718,3.267336193884661,0.0,0.0,1624.4394982400795,0.23794979628243762,1.6375171374478017,0.07307193494399103,0.0,0.0
256,2026-08-06T22:48:44.944877,shadow,silero,False,0.0688144639134407,True,False,True,False,1,0.3333333333333333,0.0028796916004880757,0.17745302713987474,3.5893717476053055,0.0,0.0,1692.1182154940514,0.1163200882318777,0.7886371906405751,0.04258293927676304,0.0,0.0
257,2026-08-06T22:48:44.950817,shadow,silero,False,0.05763554200530052,True,False,True,False,1,0.3333333333333333,0.0037905835728202185,0.1544885177453027,2.999106121427506,0.0,0.0,1492.3675837049263,0.202132359845375,1.4094922897775115,0.036510033052629245,0.0,0.0
258,2026-08-06T22:48:44.961624,shadow,silero,False,0.04962228238582611,True,False,True,False,1,0.3333333333333333,0.0029275290403954503,0.13569937369519833,2.7253762614269537,0.0,0.0,1426.2459008167612,0.09528024830485798,0.8755619311815654,0.009939032639994402,0.0,0.0
259,2026-08-06T22:48:44.973098,shadow,silero,False,0.0441574826836586,True,False,True,False,1,0.3333333333333333,0.002299274520133204,0.14822546972860126,2.9972273887515968,0.0,0.0,1496.713494164541,0.04367990835889635,0.557921036530946,0.003869360924158854,0.0,0.0
260,2026-08-06T22:48:44.983205,shadow,silero,False,0.03614206984639168,True,False,True,False,1,0.3333333333333333,0.001894171413325988,0.16075156576200417,2.749083351211109,0.0,0.0,1360.5081148344814,0.04995642491117819,0.3588923720703295,0.0019851716727806285,0.0,0.0
261,2026-08-06T22:48:44.992191,shadow,silero,False,0.028031382709741592,True,False,True,False,1,0.3333333333333333,0.0016627147154738898,0.15031315240083507,2.641341214911214,0.0,0.0,1428.2406387450897,0.031790146266312776,0.2849970061757175,0.0009499602385382,0.0,0.0
262,2026-08-06T22:48:45.002301,shadow,silero,False,0.022604908794164658,True,False,True,False,1,0.3333333333333333,0.0012310717487024271,0.15657620041753653,2.526697134624794,0.0,0.0,1425.8962861978496,0.0165141515784881,0.15704437937713106,0.00046360209183603956,0.0,0.0
263,2026-08-06T22:48:45.009979,shadow,silero,False,0.019898589700460434,True,False,True,False,1,0.3333333333333333,0.0009417553193235194,0.15031315240083507,2.74447487180504,0.0,0.0,1439.8021130101552,0.01651713485139096,0.08492592070338527,0.0004551764008863205,0.0,0.0
264,2026-08-06T22:48:45.018330,shadow,silero,False,0.017332682386040688,True,False,True,False,1,0.3333333333333333,0.0004911126438913,0.13569937369519833,3.249220457314693,0.0,0.0,1405.760787873946,0.009844954850742792,0.017475725386531225,0.0001710137818849386,0.0,0.0
265,2026-08-06T22:48:45.030210,shadow,silero,False,0.014821904711425304,True,False,True,False,1,0.3333333333333333,0.0003512982168325083,0.12526096033402923,3.0120790588626765,0.0,0.0,1291.554080252587,0.004426732324257213,0.009509405830689231,7.488470495732323e-05,0.0,0.0
266,2026-08-06T22:48:45.039757,shadow,silero,False,0.014020946808159351,True,False,True,False,1,0.3333333333333333,0.00027119755855513486,0.12943632567849686,2.9850641711725685,0.0,0.0,1507.3107260411196,0.002588445730418089,0.005529040809414489,0.00011638620067994848,0.0,0.0
267,2026-08-06T22:48:45.048223,shadow,silero,False,0.01155824214220047,True,False,True,False,1,0.3333333333333333,0.00027053394925992787,0.12108559498956159,2.885109013233274,0.0,0.0,1457.4597479743104,0.0025905888208769723,0.005485408194665825,0.0001443386762617593,0.0,0.0
268,2026-08-06T22:48:45.055896,shadow,silero,False,0.009472769685089588,True,False,True,False,1,0.3333333333333333,0.0001623170054755731,0.12317327766179541,3.601590187165106,0.0,0.0,1568.5193184823484,0.0013645264243198224,0.0012812309739560351,0.00011796034640652609,0.0,0.0
269,2026-08-06T22:48:45.065643,shadow,silero,False,0.008060874417424202,True,False,True,False,1,0.3333333333333333,0.00020744700558038593,0.11899791231732777,3.7256965555073145,0.0,0.0,1463.1428853155135,0.003225764269719441,0.0009832261383581789,0.0001915757033452993,0.0,0.0
270,2026-08-06T22:48:45.072509,shadow,silero,False,0.007399784401059151,True,False,True,False,1,0.3333333333333333,0.00023500851326380828,0.09394572025052192,3.8902801243874268,0.0,0.0,1529.1698210410461,0.00413299227148062,0.0013031211762446783,0.00030921097087721703,0.0,0.0
271,2026-08-06T22:48:45.080509,shadow,silero,False,0.00593775836750865,True,False,True,False,1,0.3333333333333333,0.0002658772765423895,0.1732776617954071,3.862440663940086,0.0,0.0,1511.805710584994,0.0051413302769005185,0.0019150763002871724,0.0004058196179830356,0.0,0.0
272,2026-08-06T22:48:45.082264,shadow,silero,False,0.00593775836750865,True,False,True,False,1,0.3333333333333333,0.0002997193537713219,0.11899791231732777,3.963410352163572,0.0,0.0,1513.1716319670682,0.006449871910436266,0.002572196836575808,0.00044482345470141005,0.0,0.0
273,2026-08-06T22:48:45.096338,shadow,silero,False,0.004899157676845789,True,False,True,False,1,0.3333333333333333,0.00023794141461852742,0.0918580375782881,3.782557902825177,0.0,0.0,1501.017765577492,0.004277157517265442,0.0013433431893156182,0.0002860205945969584,0.0,0.0
274,2026-08-06T22:48:45.111510,shadow,silero,False,0.004077752586454153,True,False,True,False,1,0.3333333333333333,0.00023048363034709093,0.13569937369519833,3.8578439539869525,0.0,0.0,1517.9782329480036,0.0037930852818497188,0.001382833509781225,0.00027299965381533136,0.0,0.0
275,2026-08-06T22:48:45.123053,shadow,silero,False,0.0034264337737113237,True,False,True,False,1,0.3333333333333333,0.00027231525799479645,0.11691022964509394,3.8075450907084507,0.0,0.0,1482.6771954480437,0.0057711596201617706,0.00161266637386656,0.00035501011922987793,0.0,0.0
276,2026-08-06T22:48:45.138921,shadow,silero,False,0.003172254655510187,True,False,True,False,1,0.3333333333333333,0.00032330735861005165,0.08768267223382047,3.787514392211183,0.0,0.0,1490.157782019837,0.008346636850400735,0.002206741926803447,0.0005418970832901941,0.0,0.0
277,2026-08-06T22:48:45.146688,shadow,silero,False,0.002683062106370926,True,False,True,False,1,0.3333333333333333,0.0002706705303732154,0.0918580375782881,3.793845913748044,0.0,0.0,1525.4502324463717,0.005877305209597016,0.0015697916914764586,0.0004032561752391203,0.0,0.0
278,2026-08-06T22:48:45.154570,shadow,silero,False,0.0025753104127943516,True,False,True,False,1,0.3333333333333333,0.00030249089707716807,0.0918580375782881,3.747098471423292,0.0,0.0,1482.4332806160924,0.007357634214161567,0.0018766280255125781,0.000457990716338458,0.0,0.0
279,2026-08-06T22:48:45.165252,shadow,silero,False,0.0023972131311893463,True,False,True,False,1,0.3333333333333333,0.00034473727011510635,0.11482254697286012,3.908859045427279,0.0,0.0,1506.6062142997068,0.00922116447825101,0.0027614297723559922,0.0007028168159124709,0.0,0.0
280,2026-08-06T22:48:45.174763,shadow,silero,False,0.0021808354649692774,True,False,True,False,1,0.3333333333333333,0.0003396150224387505,0.09394572025052192,3.851271952135424,0.0,0.0,1503.0209783423509,0.009005628805161868,0.002560733885816512,0.0006605776132086903,0.0,0.0
281,2026-08-06T22:48:45.179037,shadow,silero,False,0.0019323915475979447,True,False,True,False,1,0.3333333333333333,0.0004202575052675571,0.1022964509394572,3.8622032106774102,0.0,0.0,1492.2430820326376,0.013563604332719236,0.003986866679889746,0.0009536928597835518,0.0,0.0
282,2026-08-06T22:48:45.187931,shadow,silero,False,0.002093494636937976,True,False,True,False,1,0.3333333333333333,0.0004070179622246824,0.10438413361169102,3.8255375482498244,0.0,0.0,1497.9710923279008,0.013157871594687419,0.003640035138023312,0.0008879085443609736,0.0,0.0
283,2026-08-06T22:48:45.192787,shadow,silero,False,0.001950911246240139,True,False,True,False,1,0.3333333333333333,0.0005175211126787811,0.09394572025052192,3.8603186020677067,0.0,0.0,1501.162871965543,0.02144514084655052,0.006016394947985095,0.0014652310285639717,0.0,0.0
284,2026-08-06T22:48:45.198118,shadow,silero,False,0.0019667719025164843,True,False,True,False,1,0.3333333333333333,0.0005658337685076581,0.081419624217119,3.9033527369782823,0.0,0.0,1496.8391801753357,0.024884189806750633,0.0074754799773360196,0.0017990123349166207,0.0,0.0
285,2026-08-06T22:48:45.203282,shadow,silero,False,0.0018120730528607965,True,False,True,False,1,0.3333333333333333,0.0006186948755703428,0.08977035490605428,3.883119745796112,0.0,0.0,1492.4105650926463,0.03023842057593935,0.008746730718870542,0.0021177065377608988,0.0,0.0
286,2026-08-06T22:48:45.210207,shadow,silero,False,0.0017520856345072389,True,False,True,False,1,0.3333333333333333,0.0006635703992991914,0.10647181628392484,3.910853925936661,0.0,0.0,1499.0379238753244,0.03421475027947933,0.01021438096549497,0.0024475115785648743,0.0,0.0
287,2026-08-06T22:48:45.217060,shadow,silero,False,0.0016879434697329998,True,False,True,False,1,0.3333333333333333,0.0007114834974596013,0.14822546972860126,3.884575336377785,0.0,0.0,1491.6867568996174,0.03981874801572322,0.011357660028642719,0.002873075622984841,0.0,0.0
288,2026-08-06T22:48:45.219575,shadow,silero,False,0.0016879434697329998,True,False,True,False,1,0.3333333333333333,0.0007199606793274877,0.11899791231732777,3.909449092276517,0.0,0.0,1496.9321745764548,0.04024620671900053,0.011821915199730897,0.002867770791819902,0.0,0.0
289,2026-08-06T22:48:45.231174,shadow,silero,False,0.0015837544342502952,True,False,True,False,1,0.3333333333333333,0.0007262733146822834,0.10855949895615867,3.8934324777830267,0.0,0.0,1501.613933550409,0.041480552007092886,0.01201322083488581,0.0030419900855643586,0.0,0.0
290,2026-08-06T22:48:45.239129,shadow,silero,False,0.0016507264226675034,True,False,True,False,1,0.3333333333333333,0.0007583626235648924,0.10855949895615867,3.896479695567362,0.0,0.0,1494.5074219715432,0.04523997976790307,0.012984198289782834,0.0031457867939028213,0.0,0.0
291,2026-08-06T22:48:45.245342,shadow,silero,False,0.0015310628805309534,True,False,True,False,1,0.3333333333333333,0.000794398771891557,0.12317327766179541,3.8900772584827377,0.0,0.0,1493.9142897291783,0.04925000916403903,0.013945663722295597,0.0036231508274473558,0.0,0.0
292,2026-08-06T22:48:45.251760,shadow,silero,False,0.0014953698264434934,True,False,True,False,1,0.3333333333333333,0.0007270370357256488,0.1440501043841336,3.9397586662219783,0.0,0.0,1494.2345124200651,0.040774890723995774,0.012389005466528574,0.0029385797337162243,0.0,0.0
293,2026-08-06T22:48:45.261535,shadow,silero,False,0.0014734194846823812,True,False,True,False,1,0.3333333333333333,0.0008155830283753608,0.1127348643006263,3.8945581922206975,0.0,0.0,1500.078677705434,0.05253471286276512,0.014750065552244009,0.0039358721564772044,0.0,0.0
294,2026-08-06T22:48:45.271463,shadow,silero,False,0.001310361665673554,True,False,True,False,1,0.3333333333333333,0.0007820571206266357,0.10855949895615867,3.874296121618289,0.0,0.0,1492.3999436102617,0.048353626884447214,0.0136202793862533,0.0033323128723268605,0.0,0.0
295,2026-08-06T22:48:45.281853,shadow,silero,False,0.0013176981592550874,True,False,True,False,1,0.3333333333333333,0.0008093607758015755,0.08559498956158663,3.8909867794512802,0.0,0.0,1498.9045250527852,0.05101475498245088,0.014990845795368796,0.0037514813116611705,0.0,0.0
296,2026-08-06T22:48:45.291315,shadow,silero,False,0.001562681165523827,True,False,True,False,1,0.3333333333333333,0.0010775543127751485,0.1544885177453027,4.008848467345697,0.0,0.0,1642.2325810674433,0.061270628452653964,0.061012955795007595,0.007258762479387307,0.0,0.0
297,2026-08-06T22:48:45.298650,shadow,silero,False,0.010387981310486794,True,False,True,False,1,0.3333333333333333,0.003144071473574297,0.18997912317327767,3.5281502851961744,0.0,0.0,1758.7186930479536,0.07913519849387529,0.9369328076043772,0.10953233870721664,0.0,0.0
298,2026-08-06T22:48:45.306300,shadow,silero,False,0.010252655483782291,True,False,True,False,2,0.6666666666666666,0.005287355525169586,0.17536534446764093,3.2416056953755263,0.0,0.0,1820.0202033845,0.24162100583521856,2.790141315694083,0.1739204388978791,0.0,0.0
299,2026-08-06T22:48:45.317067,shadow,silero,False,0.007503351662307978,True,False,True,False,2,0.6666666666666666,0.0064791152529163195,0.16075156576200417,3.0910563624008316,0.0,0.0,1682.5977293450599,0.3612601667705298,4.346423458958788,0.10540812423523736,0.0,0.0
300,2026-08-06T22:48:45.326840,shadow,silero,False,0.007328832987695932,True,False,True,False,1,0.3333333333333333,0.004111324416083957,0.13778705636743216,2.857070649721246,0.0,0.0,1396.5131555177284,0.6263189922711953,1.2856514936047452,0.025654186801335875,0.0,0.0
301,2026-08-06T22:48:45.336424,shadow,silero,False,0.006619840860366821,True,False,True,False,1,0.3333333333333333,0.004002836863088211,0.1336116910229645,2.790881942921682,0.0,0.0,1303.9254057898831,1.1557499366883754,0.66601996275255,0.0163345917279228,0.0,0.0
302,2026-08-06T22:48:45.347621,shadow,silero,False,0.007422345224767923,True,False,True,False,2,0.6666666666666666,0.005032830074578802,0.1524008350730689,3.0038705090085434,0.0,0.0,1639.0993650616856,0.5638168403008765,2.281151709485785,0.06263894437395912,0.0,0.0
303,2026-08-06T22:48:45.355479,shadow,silero,False,0.005583442747592926,True,False,True,False,2,0.6666666666666666,0.005825128185245436,0.1732776617954071,3.2047746650343725,0.0,0.0,1797.975209019035,0.19434965446255736,3.538313321792806,0.15995539150225585,0.0,0.0
304,2026-08-06T22:48:45.356902,shadow,silero,False,0.005583442747592926,True,False,True,False,2,0.6666666666666666,0.005361559838208655,0.21920668058455114,3.7890057984744705,0.0,0.0,1878.1233624554295,0.16806904662819117,2.7468281895173394,0.38668565134387917,0.0,0.0
305,2026-08-06T22:48:45.364438,shadow,silero,False,0.0034259683452546597,True,False,True,False,2,0.6666666666666666,0.00578487777048441,0.22964509394572025,3.7916698454540514,0.0,0.0,1861.9313403852498,0.2196550492689677,3.300469826675528,0.3308702453189159,0.0,0.0
306,2026-08-06T22:48:45.372576,shadow,silero,False,0.0036530750803649426,True,True,True,False,2,0.6666666666666666,0.005716880524607545,0.23173277661795408,3.5844963800949006,0.0,0.0,1903.3619749937197,0.1616493266836381,3.254052685519921,0.3405283295313411,0.0,0.0
307,2026-08-06T22:48:45.383936,shadow,silero,False,0.0031557234469801188,True,True,True,False,1,0.3333333333333333,0.00491055203859684,0.2359081419624217,3.570546239293904,0.0,0.0,1944.395337157486,0.10591973719696338,2.271763736284166,0.39413825852839945,0.0,0.0
308,2026-08-06T22:48:45.399326,shadow,silero,False,0.0032155518420040607,True,False,True,False,1,0.3333333333333333,0.004069013017216792,0.2630480167014614,3.7342382743797873,0.0,0.0,2051.364616390331,0.12022991052494057,1.397585376949509,0.38429047698453633,0.0,0.0
309,2026-08-06T22:48:45.406161,shadow,silero,False,0.004071923904120922,True,False,True,False,0,0.0,0.0029153761565470313,0.31315240083507306,3.4685032031756524,0.0,0.0,2380.705585565684,0.08683713009567323,0.20341874170347926,0.6820747647936176,0.0,0.0
310,2026-08-06T22:48:45.411492,shadow,silero,False,0.00854799896478653,True,False,True,False,0,0.0,0.0014166269696735483,0.30062630480167013,3.743779002653126,0.0,0.0,2388.6108109900906,0.03198607589574916,0.026168476909385598,0.16646853336435993,0.0,0.0
311,2026-08-06T22:48:45.417848,shadow,silero,False,0.01569201610982418,True,False,True,False,1,0.3333333333333333,0.0011564110546784388,0.29227557411273486,4.017229092539091,0.0,0.0,2169.6213733581844,0.04342918279179363,0.023692549041713064,0.07617932305558053,0.0,0.0
312,2026-08-06T22:48:45.429374,shadow,silero,False,0.017924796789884567,True,False,True,False,0,0.0,0.00288725717694863,0.33820459290187893,3.109778869951291,0.0,0.0,2408.0921026244764,0.07023642160020287,0.056000765634400713,0.8225877438239564,0.0,0.0
313,2026-08-06T22:48:45.439751,shadow,silero,False,0.013259267434477806,True,False,True,False,0,0.0,0.004265229757598343,0.3298538622129436,3.5050787348307857,0.0,0.0,2415.995326439973,0.15265865731758724,0.2921248696517684,1.6317860581569374,0.0,0.0
314,2026-08-06T22:48:45.450535,shadow,silero,False,0.008209560997784138,True,False,True,False,0,0.0,0.004191218086187748,0.325678496868476,3.902204501440228,0.0,0.0,2292.781772739734,0.17224660669458625,0.7100372446079377,1.1261011039303552,0.0,0.0
315,2026-08-06T22:48:45.460546,shadow,silero,False,0.011542323976755142,True,False,True,False,1,0.3333333333333333,0.003732820521721215,0.24008350730688935,3.9360519467845907,0.0,0.0,2040.9407960688623,0.2378023243701642,0.958356959327184,0.3990225211232722,0.0,0.0
316,2026-08-06T22:48:45.476351,shadow,silero,False,0.0110446996986866,True,False,True,False,1,0.3333333333333333,0.003450413617814599,0.2150313152400835,3.8037367217998135,0.0,0.0,1930.2692781537212,0.1632760018004343,0.9532994149965811,0.25045529079980233,0.0,0.0
317,2026-08-06T22:48:45.492220,shadow,silero,False,0.007901315577328205,True,False,True,False,1,0.3333333333333333,0.003743096110452699,0.23382045929018788,3.3046063668212406,0.0,0.0,1907.7118965539319,0.19217054705230566,1.1570069417892952,0.262864913481172,0.0,0.0
318,2026-08-06T22:48:45.506511,shadow,silero,False,0.009578452445566654,True,False,True,False,1,0.3333333333333333,0.003052965638451163,0.1941544885177453,3.591607455818333,0.0,0.0,1872.3480003969075,0.20590709330335266,0.7512602694630232,0.11282850093631043,0.0,0.0
319,2026-08-06T22:48:45.519385,shadow,silero,False,0.00910693034529686,True,False,True,False,1,0.3333333333333333,0.0029812327089775905,0.20041753653444677,3.2715450361907075,0.0,0.0,1772.1843152697854,0.11522230704618544,0.8293471379969714,0.07769575001874385,0.0,0.0
320,2026-08-06T22:48:45.522113,shadow,silero,False,0.00910693034529686,True,False,True,False,1,0.3333333333333333,0.002422626641482209,0.162839248434238,3.5470221857436512,0.0,0.0,1777.1147994003002,0.08833463140682954,0.5442218086893185,0.04052378389559388,0.0,0.0
321,2026-08-06T22:48:45.532622,shadow,silero,False,0.007480096071958542,True,False,True,False,1,0.3333333333333333,0.0017531182319623496,0.16910229645093947,3.217911632183105,0.0,0.0,1564.9712096127207,0.0629872631328168,0.2786943712842938,0.00989797077970193,0.0,0.0
322,2026-08-06T22:48:45.542344,shadow,silero,False,0.007191299460828304,True,False,True,False,1,0.3333333333333333,0.0013358063029893729,0.1524008350730689,3.3096455294215295,0.0,0.0,1509.9284673327566,0.04025684806882704,0.16157685414375858,0.002909155921391118,0.0,0.0
323,2026-08-06T22:48:45.550746,shadow,silero,False,0.0058153895661234856,True,False,True,False,1,0.3333333333333333,0.00120087987929234,0.1524008350730689,3.2368518387813143,0.0,0.0,1576.0647727160328,0.029521789850249912,0.1332703848747356,0.0017589412262010988,0.0,0.0
324,2026-08-06T22:48:45.558475,shadow,silero,False,0.006498590111732483,True,False,True,False,1,0.3333333333333333,0.0008808023748238867,0.1419624217118998,3.3809134914792853,0.0,0.0,1363.2840024755365,0.026104873556172567,0.061413325591178,0.0009205891625161923,0.0,0.0
325,2026-08-06T22:48:45.564650,shadow,silero,False,0.005503983702510595,True,False,True,False,1,0.3333333333333333,0.0006882208319033611,0.15031315240083507,3.3394922645608545,0.0,0.0,1361.4503772018468,0.01858100983871793,0.03442039578854751,0.0005311781948405185,0.0,0.0
326,2026-08-06T22:48:45.574148,shadow,silero,False,0.003111401805654168,True,False,True,False,1,0.3333333333333333,0.00038107196563924963,0.12317327766179541,3.433122934651326,0.0,0.0,1400.4396503481619,0.007241121834093631,0.007904769875461255,0.0004075647487417481,0.0,0.0
327,2026-08-06T22:48:45.581057,shadow,silero,False,0.0045042987912893295,True,False,True,False,1,0.3333333333333333,0.0003978116643239122,0.15031315240083507,4.077332022769768,0.0,0.0,1670.4152509658757,0.008911788046950428,0.005557723441310063,0.0028926069405174207,0.0,0.0
328,2026-08-06T22:48:45.587840,shadow,silero,False,0.0032855398021638393,True,False,True,False,1,0.3333333333333333,0.0003549675464430946,0.13987473903966596,3.851162128104922,0.0,0.0,1514.9755895575156,0.00933937642011039,0.003330042930318917,0.0007121829274938233,0.0,0.0
329,2026-08-06T22:48:45.594870,shadow,silero,False,0.0020907302387058735,True,False,True,False,1,0.3333333333333333,0.00045086337063864214,0.13778705636743216,3.7935434263697934,0.0,0.0,1493.496224010686,0.016527604384383502,0.004078042464799713,0.0011204226597269391,0.0,0.0
330,2026-08-06T22:48:45.602997,shadow,silero,False,0.001565188867971301,True,False,True,False,1,0.3333333333333333,0.0005886341106621611,0.12108559498956159,3.8869928585006974,0.0,0.0,1500.3746251696964,0.027020248824519373,0.007555975864723251,0.0020350443868499633,0.0,0.0
331,2026-08-06T22:48:45.611114,shadow,silero,False,0.001198298530653119,True,False,True,False,1,0.3333333333333333,0.000662816477111529,0.1336116910229645,3.8454142588021107,0.0,0.0,1499.3715168891217,0.03434772610877742,0.01000669511877624,0.002377566101407404,0.0,0.0
332,2026-08-06T22:48:45.617718,shadow,silero,False,0.00100985961034894,True,False,True,False,1,0.3333333333333333,0.0007968518967870594,0.11064718162839249,3.8860849566791473,0.0,0.0,1493.5045927532728,0.04990798380559571,0.014468864187525528,0.00353943510958127,0.0,0.0
333,2026-08-06T22:48:45.624786,shadow,silero,False,0.003814972471445799,True,False,True,False,1,0.3333333333333333,0.0012144645585448635,0.05636743215031315,3.487563846138969,0.0,0.0,1490.6205164569562,0.11311199374826213,0.0323642082602487,0.008097012463582284,0.0,0.0
