label,feature,weighting,frame_count,segment_count,mean,median,std,p05,p25,p75,p95,min,max,missing_rate
background_noise,is_speech,frame,45,5,0.0,0.0,0.0,0.0,0.0,0.0,0.0,0.0,0.0,0.0
background_noise,speech_gate_open,frame,45,5,1.0,1.0,0.0,1.0,1.0,1.0,1.0,1.0,1.0,0.0
background_noise,comparison_speech_evaluated,frame,45,5,1.0,1.0,0.0,1.0,1.0,1.0,1.0,1.0,1.0,0.0
background_noise,comparison_speech_is_speech,frame,45,5,0.7777777777777778,1.0,0.4204374825912609,0.0,1.0,1.0,1.0,0.0,1.0,0.0
background_noise,comparison_speech_aggressiveness,frame,45,5,1.0,1.0,0.0,1.0,1.0,1.0,1.0,1.0,1.0,0.0
background_noise,is_whisper,frame,45,5,0.17777777777777778,0.0,0.3866457674602807,0.0,0.0,0.0,1.0,0.0,1.0,0.0
background_noise,whisper_processed,frame,45,5,1.0,1.0,0.0,1.0,1.0,1.0,1.0,1.0,1.0,0.0
background_noise,trigger,frame,45,5,0.0,0.0,0.0,0.0,0.0,0.0,0.0,0.0,0.0,0.0
background_noise,stage1_silero_threshold,frame,45,5,,,,,,,,,,1.0
background_noise,stage1_silero_low_pass,frame,45,5,,,,,,,,,,1.0
background_noise,stage1_enter_count,frame,45,5,,,,,,,,,,1.0
background_noise,stage1_exit_count,frame,45,5,,,,,,,,,,1.0
background_noise,stage1_candidate,frame,45,5,,,,,,,,,,1.0
background_noise,zcr_threshold,frame,45,5,,,,,,,,,,1.0
background_noise,zcr_pass,frame,45,5,,,,,,,,,,1.0
background_noise,centroid_threshold,frame,45,5,,,,,,,,,,1.0
background_noise,centroid_pass,frame,45,5,,,,,,,,,,1.0
background_noise,group_a_pass,frame,45,5,,,,,,,,,,1.0
background_noise,entropy_threshold,frame,45,5,,,,,,,,,,1.0
background_noise,group_b_pass,frame,45,5,,,,,,,,,,1.0
background_noise,total_band_energy,frame,45,5,5.952682692143499,0.0053315422731512,19.37950949411882,0.00037214633449360004,0.0013359877214525,0.0259840019333861,60.2123178535036,0.0002621221826115,88.69523592862123,0.0
background_noise,low_proportion,frame,45,5,0.6364783985419001,0.717673436811644,0.18350135083167027,0.2253030529199051,0.5779668561214287,0.7411376951216969,0.8283843649221042,0.1520616860679808,0.904101390477004,0.0
background_noise,mid_proportion,frame,45,5,0.2791420185102796,0.226421097923079,0.13342987826472547,0.09401534748129725,0.2044049617685004,0.3800808642505783,0.570880343160742,0.0810617370226706,0.6246549074216498,0.0
background_noise,high_proportion,frame,45,5,0.08437958231504657,0.0539702785703584,0.09312812550569836,0.017057968709914943,0.0478138974317311,0.0652895055054189,0.34071083852210876,0.0131186192480421,0.3767561599093963,0.0
background_noise,low_proportion_threshold,frame,45,5,,,,,,,,,,1.0
background_noise,group_c_pass,frame,45,5,,,,,,,,,,1.0
background_noise,silero_rolling_median,frame,45,5,,,,,,,,,,1.0
background_noise,high_silero_threshold,frame,45,5,,,,,,,,,,1.0
background_noise,high_silero_raw,frame,45,5,,,,,,,,,,1.0
background_noise,high_silero_count,frame,45,5,,,,,,,,,,1.0
background_noise,high_silero_normal_evidence,frame,45,5,,,,,,,,,,1.0
background_noise,silero_penalty,frame,45,5,,,,,,,,,,1.0
background_noise,group_count,frame,45,5,,,,,,,,,,1.0
background_noise,effective_group_score,frame,45,5,,,,,,,,,,1.0
background_noise,grouped_v1_raw_is_whisper,frame,45,5,,,,,,,,,,1.0
background_noise,stage2_is_whisper,frame,45,5,,,,,,,,,,1.0
background_noise,stage2_consecutive_count,frame,45,5,,,,,,,,,,1.0
background_noise,legacy_is_whisper,frame,45,5,0.1111111111111111,0.0,0.31782086308186414,0.0,0.0,0.0,1.0,0.0,1.0,0.0
background_noise,grouped_v1_is_whisper,frame,45,5,0.4,0.0,0.49543369430686224,0.0,0.0,1.0,1.0,0.0,1.0,0.0
background_noise,final_trigger,frame,45,5,0.0,0.0,0.0,0.0,0.0,0.0,0.0,0.0,0.0,0.0
background_noise,rms,frame,45,5,0.0026270905539973835,0.000224710508902,0.0070341096005261785,6.837210395351515e-05,0.0001169518105296,0.000498539759753,0.023606999020387164,5.982512702194213e-05,0.0284290896917899,0.0
background_noise,zcr,frame,45,5,0.12080723729993037,0.1189979123173277,0.02693323967829267,0.08016701461377863,0.1064718162839248,0.1336116910229645,0.1636743215031315,0.068893528183716,0.2150313152400835,0.0
background_noise,entropy,frame,45,5,3.6954117933534976,3.744574718804461,0.4132262119770096,2.9324283693255335,3.531492385496664,3.834719307787272,4.588383912454789,2.798459619052298,4.722840786967838,0.0
background_noise,voicing,frame,45,5,0.8801637305189463,0.9069101534617974,0.08656063300107533,0.6292725288064468,0.8967472490749215,0.9138166124464516,0.9327927363092313,0.5918201433101632,0.9600257004433774,0.0
background_noise,hnr,frame,45,5,76.64177237198174,73.41432636474265,14.293981761842067,62.00075949751125,67.42087914133445,80.34283466880606,112.07144587981853,60.26642610314777,113.86281375926433,0.0
background_noise,spectral_centroid,frame,45,5,1594.61304570871,1514.650393421028,244.6604973435712,1407.190441356185,1484.627831608171,1576.116315218007,2268.7668937543654,1322.2709028133156,2377.369991423901,0.0
background_noise,band_energy_low,frame,45,5,1.3968842929172383,0.0027563477399026,4.379550695605011,0.00026595760496022004,0.0009403840126306,0.0186600515957477,12.39032077111425,0.0001341525555663,18.25578928662504,0.0
background_noise,band_energy_mid,frame,45,5,2.4865639677526894,0.0014555372634306,8.202729129783922,7.740851346372049e-05,0.0003469547835964,0.0057561251651142,24.50499515127052,4.144347106230762e-05,37.98514224787937,0.0
background_noise,band_energy_high,frame,45,5,2.069234431472572,0.0001489676930629,6.9514825198121075,2.8827014710418756e-05,7.450034330213655e-05,0.0014023638227175,19.89503849280423,1.913277757928994e-05,32.45430439411583,0.0
background_noise,temporal_score,frame,45,5,0.0,0.0,0.0,0.0,0.0,0.0,0.0,0.0,0.0,0.0
background_noise,formant_score,frame,45,5,0.0,0.0,0.0,0.0,0.0,0.0,0.0,0.0,0.0,0.0
background_noise,low_proportion_std,frame,45,5,0.1430678215078851,0.15966297176884114,0.03373934311122072,0.08919967225888467,0.12740696621652342,0.16722364382040153,0.16914378344085967,0.0814385974301153,0.1693306245679454,0.8222222222222222
background_noise,mid_proportion_std,frame,45,5,0.13634888484686436,0.1477333861990143,0.030523892432342655,0.09805896679149079,0.10620678254539202,0.1631865280320703,0.16357800909719794,0.0977103292879719,0.1636259302724053,0.8222222222222222
background_noise,high_proportion_std,frame,45,5,0.025757436894258738,0.0148511948752084,0.031090289187506837,0.012302168015240955,0.01307377284999595,0.0178687028556862,0.07295156271874209,0.0121025002031849,0.1025053669251568,0.8222222222222222
background_noise,zcr_std,frame,45,5,0.00958117449710835,0.009991320855869151,0.0013645525723476777,0.00737187741167947,0.009317051156448375,0.010490718631064475,0.01067043129767441,0.0065654217926999,0.0106961907786634,0.8222222222222222
background_noise,entropy_std,frame,45,5,0.2996103628164489,0.27832732097452145,0.05539074209917079,0.27336411392566956,0.27692093558989384,0.2859661609930505,0.3872557118509574,0.2728180602917645,0.4353495923390361,0.8222222222222222
background_noise,spectral_centroid_std,frame,45,5,103.91840378613087,81.44622204658566,63.90613337965165,78.97429708025872,79.70381545319472,83.0018535979955,200.6504276009312,78.68018734892007,261.9592547645876,0.8222222222222222
background_noise,spectral_flux,frame,45,5,0.0055025481781738675,0.0048056724892613,0.004472228891280214,0.00013153128803879,0.002204463954171225,0.0077116661925462245,0.013658841651107985,0.0001131438143298,0.0190801841281343,0.1111111111111111
background_noise,cepstral_peak_prominence,frame,45,5,1.418948854230924,1.415116944933327,0.2881922554199254,0.9158440371413501,1.2021693204997612,1.630525118491982,1.8372743481482827,0.8742276025985911,2.0613984413637816,0.0
background_noise,spectral_slope,frame,45,5,-0.000851889241229971,-0.0008471525273138,0.00017760096626086126,-0.00110752188761588,-0.0009821218877345,-0.0007265119802763,-0.0005515019931515001,-0.0012639142073054,-0.0005206798471788,0.0
background_noise,spectral_rolloff,frame,45,5,1605.1851851851854,1433.3333333333337,643.3794753257853,1046.666666666667,1333.3333333333337,1533.3333333333337,3366.666666666667,800.0,3433.333333333333,0.0
background_noise,spectral_flatness,frame,45,5,0.016336773695207717,0.0145789486758511,0.011101842348392505,0.00601257852156008,0.0091609010135782,0.0205794385186326,0.03418743806563995,0.0025367607062988,0.0663079030583048,0.0
background_noise,temporal_v1_window_full,frame,45,5,0.17777777777777778,0.0,0.3866457674602807,0.0,0.0,0.0,1.0,0.0,1.0,0.0
background_noise,temporal_v1_silero_median,frame,45,5,0.004040602216264212,0.0040584283415228,4.41703946966464e-05,0.003970650222618095,0.004054330231156175,0.0040584283415228,0.0040584283415228,0.0039322117809206,0.0040584283415228,0.8222222222222222
background_noise,temporal_v1_low_proportion_std,frame,45,5,0.1430678215078851,0.15966297176884114,0.03373934311122072,0.08919967225888467,0.12740696621652342,0.16722364382040153,0.16914378344085967,0.0814385974301153,0.1693306245679454,0.8222222222222222
background_noise,temporal_v1_raw_is_whisper,frame,45,5,0.17777777777777778,0.0,0.3866457674602807,0.0,0.0,0.0,1.0,0.0,1.0,0.0
background_noise,temporal_v1_is_whisper,frame,45,5,0.17777777777777778,0.0,0.3866457674602807,0.0,0.0,0.0,1.0,0.0,1.0,0.0
background_noise,temporal_v1_qualifying_run,frame,45,5,0.8,0.0,1.995449368392539,0.0,0.0,0.0,5.799999999999997,0.0,8.0,0.0
background_noise,webrtc_mode_0_evaluated,frame,45,5,1.0,1.0,0.0,1.0,1.0,1.0,1.0,1.0,1.0,0.0
background_noise,webrtc_mode_0_is_speech,frame,45,5,0.7777777777777778,1.0,0.4204374825912609,0.0,1.0,1.0,1.0,0.0,1.0,0.0
background_noise,webrtc_mode_1_evaluated,frame,45,5,1.0,1.0,0.0,1.0,1.0,1.0,1.0,1.0,1.0,0.0
background_noise,webrtc_mode_1_is_speech,frame,45,5,0.7777777777777778,1.0,0.4204374825912609,0.0,1.0,1.0,1.0,0.0,1.0,0.0
background_noise,webrtc_mode_2_evaluated,frame,45,5,1.0,1.0,0.0,1.0,1.0,1.0,1.0,1.0,1.0,0.0
background_noise,webrtc_mode_2_is_speech,frame,45,5,0.4444444444444444,0.0,0.5025189076296062,0.0,0.0,1.0,1.0,0.0,1.0,0.0
background_noise,webrtc_mode_3_evaluated,frame,45,5,1.0,1.0,0.0,1.0,1.0,1.0,1.0,1.0,1.0,0.0
background_noise,webrtc_mode_3_is_speech,frame,45,5,0.3333333333333333,0.0,0.4767312946227962,0.0,0.0,1.0,1.0,0.0,1.0,0.0
background_noise,webrtc_assist_open,frame,45,5,0.0,0.0,0.0,0.0,0.0,0.0,0.0,0.0,0.0,0.0
background_noise,webrtc_assist_enter_count,frame,45,5,2.6666666666666665,3.0,2.078023536484084,0.0,1.0,4.0,6.0,0.0,6.0,0.0
background_noise,webrtc_assist_exit_count,frame,45,5,0.0,0.0,0.0,0.0,0.0,0.0,0.0,0.0,0.0,0.0
background_noise,temporal_candidate,frame,45,5,0.17777777777777778,0.0,0.3866457674602807,0.0,0.0,0.0,1.0,0.0,1.0,0.0
background_noise,temporal_qualifying_run,frame,45,5,0.8,0.0,1.995449368392539,0.0,0.0,0.0,5.799999999999997,0.0,8.0,0.0
background_noise,assisted_confirmation_requirement,frame,45,5,15.0,15.0,0.0,15.0,15.0,15.0,15.0,15.0,15.0,0.0
background_noise,fallback_confirmation_requirement,frame,45,5,24.0,24.0,0.0,24.0,24.0,24.0,24.0,24.0,24.0,0.0
background_noise,confirmation_requirement,frame,45,5,24.0,24.0,0.0,24.0,24.0,24.0,24.0,24.0,24.0,0.0
normal_speech,is_speech,frame,125,2,0.752,1.0,0.4335896677735759,0.0,1.0,1.0,1.0,0.0,1.0,0.0
normal_speech,speech_gate_open,frame,125,2,1.0,1.0,0.0,1.0,1.0,1.0,1.0,1.0,1.0,0.0
normal_speech,comparison_speech_evaluated,frame,125,2,1.0,1.0,0.0,1.0,1.0,1.0,1.0,1.0,1.0,0.0
normal_speech,comparison_speech_is_speech,frame,125,2,0.872,1.0,0.3354342395049409,0.0,1.0,1.0,1.0,0.0,1.0,0.0
normal_speech,comparison_speech_aggressiveness,frame,125,2,1.0,1.0,0.0,1.0,1.0,1.0,1.0,1.0,1.0,0.0
normal_speech,is_whisper,frame,125,2,0.192,0.0,0.395458084724783,0.0,0.0,0.0,1.0,0.0,1.0,0.0
normal_speech,whisper_processed,frame,125,2,1.0,1.0,0.0,1.0,1.0,1.0,1.0,1.0,1.0,0.0
normal_speech,trigger,frame,125,2,0.0,0.0,0.0,0.0,0.0,0.0,0.0,0.0,0.0,0.0
normal_speech,stage1_silero_threshold,frame,125,2,,,,,,,,,,1.0
normal_speech,stage1_silero_low_pass,frame,125,2,,,,,,,,,,1.0
normal_speech,stage1_enter_count,frame,125,2,,,,,,,,,,1.0
normal_speech,stage1_exit_count,frame,125,2,,,,,,,,,,1.0
normal_speech,stage1_candidate,frame,125,2,,,,,,,,,,1.0
normal_speech,zcr_threshold,frame,125,2,,,,,,,,,,1.0
normal_speech,zcr_pass,frame,125,2,,,,,,,,,,1.0
normal_speech,centroid_threshold,frame,125,2,,,,,,,,,,1.0
normal_speech,centroid_pass,frame,125,2,,,,,,,,,,1.0
normal_speech,group_a_pass,frame,125,2,,,,,,,,,,1.0
normal_speech,entropy_threshold,frame,125,2,,,,,,,,,,1.0
normal_speech,group_b_pass,frame,125,2,,,,,,,,,,1.0
normal_speech,total_band_energy,frame,125,2,5.199211888005839,1.781983359568285,6.941332268214582,0.0035044787959862,0.0444120843476793,8.554396053794187,20.036168525462568,0.0011344270864751,28.077928709856305,0.0
normal_speech,low_proportion,frame,125,2,0.8593103198222957,0.900140093802227,0.1326830699321747,0.6354974820126126,0.7549047623698478,0.9683564289416848,0.9906049621825411,0.2615238334448624,0.9953825277751188,0.0
normal_speech,mid_proportion,frame,125,2,0.11153465747707594,0.091262123685602,0.09841562531742576,0.00902272857726926,0.0252103488180797,0.1769801964447943,0.27770202296575186,0.0037881293724634,0.5908517759037241,0.0
normal_speech,high_proportion,frame,125,2,0.029155022649975815,0.0047669736044344,0.05304049852302984,0.00038596499707436,0.0015068354650787,0.0409200997940376,0.1434934601162654,0.0001164736378601,0.2528446942192653,0.0
normal_speech,low_proportion_threshold,frame,125,2,,,,,,,,,,1.0
normal_speech,group_c_pass,frame,125,2,,,,,,,,,,1.0
normal_speech,silero_rolling_median,frame,125,2,,,,,,,,,,1.0
normal_speech,high_silero_threshold,frame,125,2,,,,,,,,,,1.0
normal_speech,high_silero_raw,frame,125,2,,,,,,,,,,1.0
normal_speech,high_silero_count,frame,125,2,,,,,,,,,,1.0
normal_speech,high_silero_normal_evidence,frame,125,2,,,,,,,,,,1.0
normal_speech,silero_penalty,frame,125,2,,,,,,,,,,1.0
normal_speech,group_count,frame,125,2,,,,,,,,,,1.0
normal_speech,effective_group_score,frame,125,2,,,,,,,,,,1.0
normal_speech,grouped_v1_raw_is_whisper,frame,125,2,,,,,,,,,,1.0
normal_speech,stage2_is_whisper,frame,125,2,,,,,,,,,,1.0
normal_speech,stage2_consecutive_count,frame,125,2,,,,,,,,,,1.0
normal_speech,legacy_is_whisper,frame,125,2,0.32,0.0,0.4683533267840395,0.0,0.0,1.0,1.0,0.0,1.0,0.0
normal_speech,grouped_v1_is_whisper,frame,125,2,0.256,0.0,0.43817804600413296,0.0,0.0,1.0,1.0,0.0,1.0,0.0
normal_speech,final_trigger,frame,125,2,0.0,0.0,0.0,0.0,0.0,0.0,0.0,0.0,0.0,0.0
normal_speech,rms,frame,125,2,0.00503502411446913,0.0040073357440889,0.004575446135451531,0.00018184521432172002,0.0006436395453668,0.0087232156182034,0.013340796735095781,0.000107799784658,0.0157546461682374,0.0
normal_speech,zcr,frame,125,2,0.08968684759916491,0.068893528183716,0.05447005290671037,0.0501043841336116,0.0563674321503131,0.1022964509394572,0.22379958246346546,0.0438413361169102,0.3194154488517745,0.0
normal_speech,entropy,frame,125,2,2.4743315849334793,2.2446623614883414,0.903594948772689,1.2284636271351819,1.8181270017976288,3.4247958092490323,3.8996742453778235,0.6364839299729743,4.391575067584965,0.0
normal_speech,voicing,frame,125,2,0.9370213266069447,0.9677262926896368,0.07069288557792455,0.7633740525711354,0.9204826246552986,0.9768649909219624,0.9834757857401542,0.6390373005113993,0.9861915790530776,0.0
normal_speech,hnr,frame,125,2,94.05917047939278,98.78034137013024,13.128299524353274,71.4911982340969,82.58139731650856,105.43220108821244,109.17805129764918,66.65449083852172,110.64083705883256,0.0
normal_speech,spectral_centroid,frame,125,2,1285.8495750054026,1174.6284928145478,397.6300522162991,865.7103930655227,1014.5641233304236,1487.285435345618,2202.1240239920553,699.0926779125188,2561.7889752343817,0.0
normal_speech,band_energy_low,frame,125,2,4.743183115274403,1.7659944088200856,6.328653414857318,0.00271575706640158,0.0330249879783648,7.822364580365053,18.40797048400243,0.0007924880668609,27.631805115853144,0.0
normal_speech,band_energy_mid,frame,125,2,0.44153616339092644,0.0475704499517515,0.9633331912341218,0.0006247020286061,0.0074893454485456,0.3302639150805093,2.5646002084439234,0.0001090597421345,5.735372678482206,0.0
normal_speech,band_energy_high,frame,125,2,0.0144926093395093,0.0042361474923758,0.026713874716680568,7.657878934894853e-05,0.0017469244722653,0.0162095074361757,0.05354091346014643,3.9461413501577136e-05,0.176231356022031,0.0
normal_speech,temporal_score,frame,125,2,0.0,0.0,0.0,0.0,0.0,0.0,0.0,0.0,0.0,0.0
normal_speech,formant_score,frame,125,2,0.0,0.0,0.0,0.0,0.0,0.0,0.0,0.0,0.0,0.0
normal_speech,low_proportion_std,frame,125,2,0.09600830159026898,0.0925234073497203,0.04728899988243675,0.035412114261839496,0.0607878962114023,0.1211980966278602,0.20777203904538605,0.0221283705605321,0.2193329712183534,0.0
normal_speech,mid_proportion_std,frame,125,2,0.07530343145521434,0.0684733959248011,0.03554837940273995,0.03308173885487094,0.0526489286622527,0.0937955047679093,0.16955235039654934,0.0172852221102353,0.1834320978770433,0.0
normal_speech,high_proportion_std,frame,125,2,0.026514213121609648,0.017407342866206,0.029105726308100648,0.00103747878009736,0.0019417387259777,0.0380703741428063,0.0861813632148664,0.0007331481729829,0.0953092388947374,0.0
normal_speech,zcr_std,frame,125,2,0.03184552113684367,0.0264477344147249,0.023910551539514963,0.0070071922695457796,0.0138811275239075,0.0403981431759249,0.08356387843448683,0.0063460059096328,0.1002020265651483,0.0
normal_speech,entropy_std,frame,125,2,0.6330942736859665,0.5745405914539176,0.27867141742595525,0.27714185199781793,0.4308288186684358,0.8418188227678091,1.2077894594018712,0.0151555887680746,1.3329441168816871,0.0
normal_speech,spectral_centroid_std,frame,125,2,225.3261473901763,181.51807401118765,131.84071378824785,76.12201733008285,130.14317915959944,285.55591525829374,487.4300020162569,14.535420303349284,618.9971782974237,0.0
normal_speech,spectral_flux,frame,125,2,0.013385078277328245,0.0104079702828757,0.012944580907768158,0.0012619024193187601,0.0047309612166266,0.0170963042551416,0.03336898902531342,0.0001480728774778,0.0764177696050771,0.0
normal_speech,cepstral_peak_prominence,frame,125,2,1.088273190848725,1.0546559685396495,0.30277950278693544,0.6818465900458934,0.8612557483771675,1.3144708076801503,1.562361260376747,0.578140196051767,2.040158943565568,0.0
normal_speech,spectral_slope,frame,125,2,-0.0006621222621656471,-0.000640244298573,0.00018075180055808436,-0.00094286695427426,-0.0007953722223316,-0.000515925720028,-0.00041535009555360007,-0.0012471521032194,-0.0003599515866015,0.0
normal_speech,spectral_rolloff,frame,125,2,1065.6,800.0,783.9557810659136,400.0,566.6666666666667,1300.0,3093.333333333331,333.33333333333337,4600.0,0.0
normal_speech,spectral_flatness,frame,125,2,0.011502566721429876,0.0052142910978993,0.01507250281906788,0.00102982882503038,0.0027326339420196,0.0143232413479544,0.04605615593965165,8.6247841952056e-05,0.0908873447498532,0.0
normal_speech,temporal_v1_window_full,frame,125,2,1.0,1.0,0.0,1.0,1.0,1.0,1.0,1.0,1.0,0.0
normal_speech,temporal_v1_silero_median,frame,125,2,0.6729505602496793,0.8348700106143951,0.37961406697349315,0.0003857091505778,0.3699996918439865,0.9957958459854126,0.9998078942298888,0.0001004488149192,0.9998522996902466,0.0
normal_speech,temporal_v1_low_proportion_std,frame,125,2,0.09600830159026898,0.0925234073497203,0.04728899988243675,0.035412114261839496,0.0607878962114023,0.1211980966278602,0.20777203904538605,0.0221283705605321,0.2193329712183534,0.0
normal_speech,temporal_v1_raw_is_whisper,frame,125,2,0.192,0.0,0.395458084724783,0.0,0.0,0.0,1.0,0.0,1.0,0.0
normal_speech,temporal_v1_is_whisper,frame,125,2,0.192,0.0,0.395458084724783,0.0,0.0,0.0,1.0,0.0,1.0,0.0
normal_speech,temporal_v1_qualifying_run,frame,125,2,0.776,0.0,1.9212898892956463,0.0,0.0,0.0,5.799999999999997,0.0,9.0,0.0
normal_speech,webrtc_mode_0_evaluated,frame,125,2,1.0,1.0,0.0,1.0,1.0,1.0,1.0,1.0,1.0,0.0
normal_speech,webrtc_mode_0_is_speech,frame,125,2,0.88,1.0,0.3262692337674912,0.0,1.0,1.0,1.0,0.0,1.0,0.0
normal_speech,webrtc_mode_1_evaluated,frame,125,2,1.0,1.0,0.0,1.0,1.0,1.0,1.0,1.0,1.0,0.0
normal_speech,webrtc_mode_1_is_speech,frame,125,2,0.872,1.0,0.3354342395049409,0.0,1.0,1.0,1.0,0.0,1.0,0.0
normal_speech,webrtc_mode_2_evaluated,frame,125,2,1.0,1.0,0.0,1.0,1.0,1.0,1.0,1.0,1.0,0.0
normal_speech,webrtc_mode_2_is_speech,frame,125,2,0.792,1.0,0.40751014236339234,0.0,1.0,1.0,1.0,0.0,1.0,0.0
normal_speech,webrtc_mode_3_evaluated,frame,125,2,1.0,1.0,0.0,1.0,1.0,1.0,1.0,1.0,1.0,0.0
normal_speech,webrtc_mode_3_is_speech,frame,125,2,0.616,1.0,0.488315075441283,0.0,0.0,1.0,1.0,0.0,1.0,0.0
normal_speech,webrtc_assist_open,frame,125,2,0.856,1.0,0.3525025737723471,0.0,1.0,1.0,1.0,0.0,1.0,0.0
normal_speech,webrtc_assist_enter_count,frame,125,2,0.72,0.0,2.0184631649814904,0.0,0.0,0.0,6.0,0.0,9.0,0.0
normal_speech,webrtc_assist_exit_count,frame,125,2,0.456,0.0,1.52137459067821,0.0,0.0,0.0,3.0,0.0,9.0,0.0
normal_speech,temporal_candidate,frame,125,2,0.192,0.0,0.395458084724783,0.0,0.0,0.0,1.0,0.0,1.0,0.0
normal_speech,temporal_qualifying_run,frame,125,2,0.776,0.0,1.9212898892956463,0.0,0.0,0.0,5.799999999999997,0.0,9.0,0.0
normal_speech,assisted_confirmation_requirement,frame,125,2,15.0,15.0,0.0,15.0,15.0,15.0,15.0,15.0,15.0,0.0
normal_speech,fallback_confirmation_requirement,frame,125,2,24.0,24.0,0.0,24.0,24.0,24.0,24.0,24.0,24.0,0.0
normal_speech,confirmation_requirement,frame,125,2,16.296,15.0,3.1725231639511233,15.0,15.0,15.0,24.0,15.0,24.0,0.0
silence,is_speech,frame,912,10,0.0010964912280701754,0.0,0.033113308926626096,0.0,0.0,0.0,0.0,0.0,1.0,0.0
silence,speech_gate_open,frame,912,10,1.0,1.0,0.0,1.0,1.0,1.0,1.0,1.0,1.0,0.0
silence,comparison_speech_evaluated,frame,912,10,1.0,1.0,0.0,1.0,1.0,1.0,1.0,1.0,1.0,0.0
silence,comparison_speech_is_speech,frame,912,10,0.01644736842105263,0.0,0.12725804391313494,0.0,0.0,0.0,0.0,0.0,1.0,0.0
silence,comparison_speech_aggressiveness,frame,912,10,1.0,1.0,0.0,1.0,1.0,1.0,1.0,1.0,1.0,0.0
silence,is_whisper,frame,912,10,0.13157894736842105,0.0,0.33821791362591036,0.0,0.0,0.0,1.0,0.0,1.0,0.0
silence,whisper_processed,frame,912,10,1.0,1.0,0.0,1.0,1.0,1.0,1.0,1.0,1.0,0.0
silence,trigger,frame,912,10,0.0,0.0,0.0,0.0,0.0,0.0,0.0,0.0,0.0,0.0
silence,stage1_silero_threshold,frame,912,10,,,,,,,,,,1.0
silence,stage1_silero_low_pass,frame,912,10,,,,,,,,,,1.0
silence,stage1_enter_count,frame,912,10,,,,,,,,,,1.0
silence,stage1_exit_count,frame,912,10,,,,,,,,,,1.0
silence,stage1_candidate,frame,912,10,,,,,,,,,,1.0
silence,zcr_threshold,frame,912,10,,,,,,,,,,1.0
silence,zcr_pass,frame,912,10,,,,,,,,,,1.0
silence,centroid_threshold,frame,912,10,,,,,,,,,,1.0
silence,centroid_pass,frame,912,10,,,,,,,,,,1.0
silence,group_a_pass,frame,912,10,,,,,,,,,,1.0
silence,entropy_threshold,frame,912,10,,,,,,,,,,1.0
silence,group_b_pass,frame,912,10,,,,,,,,,,1.0
silence,total_band_energy,frame,912,10,0.009622916920450591,0.0008975578065456001,0.0354210728230625,0.00023903008852226498,0.00043478442500935,0.0029714375344014497,0.04687696543820029,0.0001544732339287,0.3999575776413263,0.0
silence,low_proportion,frame,912,10,0.6983364026066972,0.7278358150004397,0.11410165215410373,0.4611712451899907,0.6706309154921809,0.7574822733092736,0.8252209247834018,0.1245494395497484,0.9504512837967142,0.0
silence,mid_proportion,frame,912,10,0.23906453550144668,0.21393487270171668,0.10928200355571634,0.12619824430814366,0.1831127373610245,0.2529425440604185,0.47504574463642163,0.0467799942466582,0.80168550340378,0.0
silence,high_proportion,frame,912,10,0.0625990604114361,0.05495598323967655,0.037089605021257195,0.026904455878491426,0.04767691712975268,0.06967483651765732,0.10977779093686996,0.0020924264221336,0.4841888671227244,0.0
silence,low_proportion_threshold,frame,912,10,,,,,,,,,,1.0
silence,group_c_pass,frame,912,10,,,,,,,,,,1.0
silence,silero_rolling_median,frame,912,10,,,,,,,,,,1.0
silence,high_silero_threshold,frame,912,10,,,,,,,,,,1.0
silence,high_silero_raw,frame,912,10,,,,,,,,,,1.0
silence,high_silero_count,frame,912,10,,,,,,,,,,1.0
silence,high_silero_normal_evidence,frame,912,10,,,,,,,,,,1.0
silence,silero_penalty,frame,912,10,,,,,,,,,,1.0
silence,group_count,frame,912,10,,,,,,,,,,1.0
silence,effective_group_score,frame,912,10,,,,,,,,,,1.0
silence,grouped_v1_raw_is_whisper,frame,912,10,,,,,,,,,,1.0
silence,stage2_is_whisper,frame,912,10,,,,,,,,,,1.0
silence,stage2_consecutive_count,frame,912,10,,,,,,,,,,1.0
silence,legacy_is_whisper,frame,912,10,0.0,0.0,0.0,0.0,0.0,0.0,0.0,0.0,0.0,0.0
silence,grouped_v1_is_whisper,frame,912,10,0.24451754385964913,0.0,0.4300366151404656,0.0,0.0,0.0,1.0,0.0,1.0,0.0
silence,final_trigger,frame,912,10,0.0,0.0,0.0,0.0,0.0,0.0,0.0,0.0,0.0,0.0
silence,rms,frame,912,10,0.00018109936293443361,9.760570155861067e-05,0.00023984125775319584,5.869626281626812e-05,7.282885869990128e-05,0.000168381071488875,0.0006634546766954497,5.03398191605701e-05,0.0018818301268736,0.0
silence,zcr,frame,912,10,0.13460173790425956,0.1336116910229645,0.027905169702502876,0.0939457202505219,0.1169102296450939,0.150313152400835,0.18256784968684742,0.0396659707724425,0.2839248434237996,0.0
silence,entropy,frame,912,10,3.5924850632549123,3.6448783635171424,0.281597204299202,3.09498957290478,3.450644898464383,3.8065395468273393,3.9117752577691065,1.900831953436516,4.481419089417737,0.0
silence,voicing,frame,912,10,0.9006561415269434,0.9073665535928306,0.028899882868829264,0.8473323839877706,0.8926866594587344,0.9142159435291088,0.9319292681837894,0.5938546919811418,0.9652849783402456,0.0
silence,hnr,frame,912,10,67.61050897403959,65.72375686647791,6.912669523327827,60.17931361321771,62.65316175844874,70.74476857145989,82.84408994519579,29.458968130053723,92.0557243038042,0.0
silence,spectral_centroid,frame,912,10,1555.8589361352304,1537.2421446419412,114.59905224396154,1426.8159094750233,1496.7662553287796,1611.327912947557,1738.453453396481,985.201098439697,2523.2483748435616,0.0
silence,band_energy_low,frame,912,10,0.007147451415368525,0.0006307857680783501,0.02728699367971783,0.000153361904798115,0.000311392270041975,0.001927277127561425,0.034292269543703076,9.583050690344422e-05,0.3657911253810543,0.0
silence,band_energy_mid,frame,912,10,0.002011498436314358,0.0002059741277059,0.006941625023595385,4.326671352754332e-05,8.578895815745355e-05,0.000802694860007775,0.009981622055495635,2.350858080869596e-05,0.0748228524552572,0.0
silence,band_energy_high,frame,912,10,0.0004639670677676545,4.807164871174946e-05,0.0016888974641885927,1.738985728946207e-05,2.7407089528118304e-05,0.00013701956064235,0.002314617171024151,1.291105981294167e-05,0.0181374328128238,0.0
silence,temporal_score,frame,912,10,0.0,0.0,0.0,0.0,0.0,0.0,0.0,0.0,0.0,0.0
silence,formant_score,frame,912,10,0.0,0.0,0.0,0.0,0.0,0.0,0.0,0.0,0.0,0.0
silence,low_proportion_std,frame,912,10,0.062217041770139,0.05387339461477965,0.04105724523556864,0.010218146272797246,0.0345757638804475,0.08420205800806956,0.14712415131215675,0.0018940354894341,0.213105916610603,0.008771929824561403
silence,mid_proportion_std,frame,912,10,0.05386830144753726,0.04290199374609755,0.038770344578707316,0.00874621319656741,0.029211058661762476,0.06698506127900228,0.13247195823628766,0.0017538838941677,0.2205230442980726,0.008771929824561403
silence,high_proportion_std,frame,912,10,0.020991721118419036,0.01430668349847345,0.027363006925608828,0.00158711765710682,0.008435361155749301,0.0228319201764891,0.05939636845028318,0.0004750314600574,0.2267175194274757,0.008771929824561403
silence,zcr_std,frame,912,10,0.019744166210415692,0.018466995189411452,0.01007704134798009,0.010163497399695473,0.014370171440972825,0.02238008049307965,0.03164517333390613,0.0035244139908422,0.1106591949991497,0.008771929824561403
silence,entropy_std,frame,912,10,0.18608706155996,0.17866720174471745,0.10741278160484946,0.03841751309087591,0.11452354605827136,0.23229614745226657,0.38284200931580925,0.0084194521695544,0.6275993045731236,0.008771929824561403
silence,spectral_centroid_std,frame,912,10,79.35537004376476,70.72507569405681,64.17593500618604,9.5513575287678,45.640627425872566,92.80281335298302,184.4823289730327,2.645829319786872,520.320697791596,0.008771929824561403
silence,spectral_flux,frame,912,10,0.004578132492180808,0.00466622282189285,0.0026722330600577548,0.00015289841561217003,0.002914608598490275,0.0060355351882665,0.009147630268553293,1.4260518953501708e-05,0.0200987849432401,0.0
silence,cepstral_peak_prominence,frame,912,10,1.3334619026215524,1.3030889386310087,0.2751072901452035,0.9351031474548306,1.1268162638814434,1.5298524400399922,1.8113001244342488,0.5166292419749684,2.302483505920166,0.0
silence,spectral_slope,frame,912,10,-0.0008004686411248113,-0.0007818433251725501,0.00017032343399309697,-0.001096021117951225,-0.000917950329456725,-0.00067122951318285,-0.0005566732737876851,-0.0014142476939607,-0.0002989354949422,0.0
silence,spectral_rolloff,frame,912,10,1522.6608187134502,1466.6666666666667,334.75822195889583,1033.3333333333337,1333.3333333333337,1666.6666666666667,2133.333333333333,433.33333333333337,3000.0,0.0
silence,spectral_flatness,frame,912,10,0.018338387806560913,0.01561854659519195,0.012530895954867408,0.005738781337688506,0.010472768783699425,0.023963148917903028,0.0379956829401875,0.0006148387542755,0.2329955886857483,0.0
silence,temporal_v1_window_full,frame,912,10,0.9912280701754386,1.0,0.09329805737405972,1.0,1.0,1.0,1.0,0.0,1.0,0.0
silence,temporal_v1_silero_median,frame,912,10,0.012029655856010665,0.00089460982417215,0.06546046843653587,0.00023951505936564,0.0003785899461945,0.003268606262281475,0.04602024210616936,0.0001004488149192,0.8648093044757843,0.008771929824561403
silence,temporal_v1_low_proportion_std,frame,912,10,0.062217041770139,0.05387339461477965,0.04105724523556864,0.010218146272797246,0.0345757638804475,0.08420205800806956,0.14712415131215675,0.0018940354894341,0.213105916610603,0.008771929824561403
silence,temporal_v1_raw_is_whisper,frame,912,10,0.13157894736842105,0.0,0.33821791362591036,0.0,0.0,0.0,1.0,0.0,1.0,0.0
silence,temporal_v1_is_whisper,frame,912,10,0.13157894736842105,0.0,0.33821791362591036,0.0,0.0,0.0,1.0,0.0,1.0,0.0
silence,temporal_v1_qualifying_run,frame,912,10,1.3146929824561404,0.0,6.682437876695093,0.0,0.0,0.0,7.0,0.0,74.0,0.0
silence,webrtc_mode_0_evaluated,frame,912,10,1.0,1.0,0.0,1.0,1.0,1.0,1.0,1.0,1.0,0.0
silence,webrtc_mode_0_is_speech,frame,912,10,0.017543859649122806,0.0,0.131358260439705,0.0,0.0,0.0,0.0,0.0,1.0,0.0
silence,webrtc_mode_1_evaluated,frame,912,10,1.0,1.0,0.0,1.0,1.0,1.0,1.0,1.0,1.0,0.0
silence,webrtc_mode_1_is_speech,frame,912,10,0.01644736842105263,0.0,0.12725804391313494,0.0,0.0,0.0,0.0,0.0,1.0,0.0
silence,webrtc_mode_2_evaluated,frame,912,10,1.0,1.0,0.0,1.0,1.0,1.0,1.0,1.0,1.0,0.0
silence,webrtc_mode_2_is_speech,frame,912,10,0.007675438596491228,0.0,0.08732059814499771,0.0,0.0,0.0,0.0,0.0,1.0,0.0
silence,webrtc_mode_3_evaluated,frame,912,10,1.0,1.0,0.0,1.0,1.0,1.0,1.0,1.0,1.0,0.0
silence,webrtc_mode_3_is_speech,frame,912,10,0.0,0.0,0.0,0.0,0.0,0.0,0.0,0.0,0.0,0.0
silence,webrtc_assist_open,frame,912,10,0.03070175438596491,0.0,0.1726030797417184,0.0,0.0,0.0,0.0,0.0,1.0,0.0
silence,webrtc_assist_enter_count,frame,912,10,0.05701754385964912,0.0,0.5311742554970563,0.0,0.0,0.0,0.0,0.0,8.0,0.0
silence,webrtc_assist_exit_count,frame,912,10,0.17324561403508773,0.0,1.075945551010992,0.0,0.0,0.0,0.0,0.0,9.0,0.0
silence,temporal_candidate,frame,912,10,0.13157894736842105,0.0,0.33821791362591036,0.0,0.0,0.0,1.0,0.0,1.0,0.0
silence,temporal_qualifying_run,frame,912,10,1.3146929824561404,0.0,6.682437876695093,0.0,0.0,0.0,7.0,0.0,74.0,0.0
silence,assisted_confirmation_requirement,frame,912,10,15.0,15.0,0.0,15.0,15.0,15.0,15.0,15.0,15.0,0.0
silence,fallback_confirmation_requirement,frame,912,10,24.0,24.0,0.0,24.0,24.0,24.0,24.0,24.0,24.0,0.0
silence,confirmation_requirement,frame,912,10,23.723684210526315,24.0,1.5534277176754654,24.0,24.0,24.0,24.0,15.0,24.0,0.0
whisper,is_speech,frame,588,4,0.013605442176870748,0.0,0.11594480022607062,0.0,0.0,0.0,0.0,0.0,1.0,0.0
whisper,speech_gate_open,frame,588,4,1.0,1.0,0.0,1.0,1.0,1.0,1.0,1.0,1.0,0.0
whisper,comparison_speech_evaluated,frame,588,4,1.0,1.0,0.0,1.0,1.0,1.0,1.0,1.0,1.0,0.0
whisper,comparison_speech_is_speech,frame,588,4,0.7210884353741497,1.0,0.44884577205227216,0.0,0.0,1.0,1.0,0.0,1.0,0.0
whisper,comparison_speech_aggressiveness,frame,588,4,1.0,1.0,0.0,1.0,1.0,1.0,1.0,1.0,1.0,0.0
whisper,is_whisper,frame,588,4,0.6955782312925171,1.0,0.46055389103128364,0.0,0.0,1.0,1.0,0.0,1.0,0.0
whisper,whisper_processed,frame,588,4,1.0,1.0,0.0,1.0,1.0,1.0,1.0,1.0,1.0,0.0
whisper,trigger,frame,588,4,0.006802721088435374,0.0,0.08226757684786588,0.0,0.0,0.0,0.0,0.0,1.0,0.0
whisper,stage1_silero_threshold,frame,588,4,,,,,,,,,,1.0
whisper,stage1_silero_low_pass,frame,588,4,,,,,,,,,,1.0
whisper,stage1_enter_count,frame,588,4,,,,,,,,,,1.0
whisper,stage1_exit_count,frame,588,4,,,,,,,,,,1.0
whisper,stage1_candidate,frame,588,4,,,,,,,,,,1.0
whisper,zcr_threshold,frame,588,4,,,,,,,,,,1.0
whisper,zcr_pass,frame,588,4,,,,,,,,,,1.0
whisper,centroid_threshold,frame,588,4,,,,,,,,,,1.0
whisper,centroid_pass,frame,588,4,,,,,,,,,,1.0
whisper,group_a_pass,frame,588,4,,,,,,,,,,1.0
whisper,entropy_threshold,frame,588,4,,,,,,,,,,1.0
whisper,group_b_pass,frame,588,4,,,,,,,,,,1.0
whisper,total_band_energy,frame,588,4,0.4308988936919268,0.102563501949911,0.8016652777127101,0.0020788516884303852,0.01722147545696185,0.4509189906990717,2.066678021061773,0.0003219431076614,5.958750434906156,0.0
whisper,low_proportion,frame,588,4,0.46506574238115206,0.526274103753873,0.26157277847016036,0.057019290826029835,0.20497088643633352,0.724184772892029,0.7576170188106378,0.0183839721622822,0.8841097835805385,0.0
whisper,mid_proportion,frame,588,4,0.44437891955722636,0.34762795018334475,0.2564891742250011,0.17617391057911733,0.2151862383259224,0.6837146354101903,0.8798718100771529,0.0590211785137884,0.9557569801849984,0.0
whisper,high_proportion,frame,588,4,0.09055533796374583,0.05311286130724055,0.12223537599922946,0.00887711465435535,0.034154516907709674,0.08489326624056034,0.33159793532719056,0.0015715574380655,0.8669541839560987,0.0
whisper,low_proportion_threshold,frame,588,4,,,,,,,,,,1.0
whisper,group_c_pass,frame,588,4,,,,,,,,,,1.0
whisper,silero_rolling_median,frame,588,4,,,,,,,,,,1.0
whisper,high_silero_threshold,frame,588,4,,,,,,,,,,1.0
whisper,high_silero_raw,frame,588,4,,,,,,,,,,1.0
whisper,high_silero_count,frame,588,4,,,,,,,,,,1.0
whisper,high_silero_normal_evidence,frame,588,4,,,,,,,,,,1.0
whisper,silero_penalty,frame,588,4,,,,,,,,,,1.0
whisper,group_count,frame,588,4,,,,,,,,,,1.0
whisper,effective_group_score,frame,588,4,,,,,,,,,,1.0
whisper,grouped_v1_raw_is_whisper,frame,588,4,,,,,,,,,,1.0
whisper,stage2_is_whisper,frame,588,4,,,,,,,,,,1.0
whisper,stage2_consecutive_count,frame,588,4,,,,,,,,,,1.0
whisper,legacy_is_whisper,frame,588,4,0.003401360544217687,0.0,0.05827148584755422,0.0,0.0,0.0,0.0,0.0,1.0,0.0
whisper,grouped_v1_is_whisper,frame,588,4,0.7925170068027211,1.0,0.4058496352794257,0.0,1.0,1.0,1.0,0.0,1.0,0.0
whisper,final_trigger,frame,588,4,0.006802721088435374,0.0,0.08226757684786588,0.0,0.0,0.0,0.0,0.0,1.0,0.0
whisper,rms,frame,588,4,0.001413639227334752,0.00096078448214635,0.001336796173734921,0.00014470506575239001,0.00039704058536197496,0.0020052675189760998,0.004251943377543344,6.750326086026958e-05,0.0071990677990338,0.0
whisper,zcr,frame,588,4,0.16898868106741652,0.1586638830897703,0.057829325426652485,0.0939457202505219,0.12891440501043835,0.1941544885177453,0.2881002087682672,0.0563674321503131,0.3820459290187891,0.0
whisper,entropy,frame,588,4,3.618951727164508,3.756705397897192,0.3966194367310678,2.876953591461673,3.381598530282021,3.8910979922622806,4.101767838997717,1.9193082366180445,4.400176359047794,0.0
whisper,voicing,frame,588,4,0.8484925837968188,0.8804561736511045,0.08910568229819237,0.6603132795513206,0.823554383124294,0.9091550705026543,0.9152512934616195,0.3594230888595213,0.9583281226515064,0.0
whisper,hnr,frame,588,4,85.00136455656151,85.42403092228753,8.943110421209237,69.09812337193121,78.2008562341949,92.24582460541669,98.58494095092044,61.88644773226196,102.61706251026874,0.0
whisper,spectral_centroid,frame,588,4,1666.8595455240966,1568.4091040142007,258.7202771982371,1426.0186513144479,1498.8749646437027,1770.459885213525,2182.7851102230243,1202.079825628123,2955.24762932281,0.0
whisper,band_energy_low,frame,588,4,0.09121013576257588,0.0338933186449417,0.1316622069334409,0.00123115364247502,0.009365690474789974,0.12027190843298492,0.35021801651729634,0.0001940414045045,1.1557499366883726,0.0
whisper,band_energy_mid,frame,588,4,0.29258175163640354,0.035620662573950246,0.6367143736539982,0.000407299934231035,0.0050758423422085745,0.23025261543400571,1.588939095516697,4.666387172223986e-05,4.346423458958654,0.0
whisper,band_energy_high,frame,588,4,0.047107006291947244,0.0041203516838917,0.1598588182356154,0.00011400964290242501,0.000792013065949175,0.023171886698254797,0.20073247240002298,2.0319517746788445e-05,1.6317860581569337,0.0
whisper,temporal_score,frame,588,4,0.0,0.0,0.0,0.0,0.0,0.0,0.0,0.0,0.0,0.0
whisper,formant_score,frame,588,4,0.0,0.0,0.0,0.0,0.0,0.0,0.0,0.0,0.0,0.0
whisper,low_proportion_std,frame,588,4,0.1375141841592611,0.13752202832081215,0.08125914664535823,0.0060447435532473,0.06663551170673618,0.20064867898137217,0.2667450779407529,0.001191931182593,0.3462240165936706,0.0
whisper,mid_proportion_std,frame,588,4,0.14510442983464603,0.154534819675975,0.08723645044392951,0.00631565127720782,0.06435808768107501,0.21440938724565203,0.2804097287676845,0.0011804173233597,0.3501663350970386,0.0
whisper,high_proportion_std,frame,588,4,0.059963968063016904,0.0376353554494141,0.06770563841955815,0.001861802565410125,0.0154883529365,0.07082430505045584,0.22977305736589482,0.0002622964365308,0.3105569162490747,0.0
whisper,zcr_std,frame,588,4,0.03248728981115936,0.026409349474063253,0.017876667016374,0.011424930495852031,0.019011370130886576,0.04380254496325218,0.06608816801095796,0.008508427504098,0.0990178009781243,0.0
whisper,entropy_std,frame,588,4,0.27333120846109155,0.28586501565747535,0.15596418040899188,0.028348323631899965,0.15584581112716644,0.37047658449170845,0.529936896622008,0.0044856595080816,0.7486606579846931,0.0
whisper,spectral_centroid_std,frame,588,4,139.3794986832078,114.68014020128732,107.60495670272185,7.897554227851345,63.025010568101045,199.40760893802675,356.25652096064954,1.595991159766261,585.0219578196096,0.0
whisper,spectral_flux,frame,588,4,0.006016050163994315,0.0057493000056023005,0.004950594596071766,0.00010810882457512,0.001309318862257475,0.009063417497039601,0.013903920112041836,7.092627491087877e-06,0.0357299373804895,0.0
whisper,cepstral_peak_prominence,frame,588,4,1.3455275393402073,1.3287765905166744,0.32984124183418473,0.8403733343650462,1.0921492996846278,1.5862215684759735,1.8869466715429664,0.6128654767762278,2.275919926114093,0.0
whisper,spectral_slope,frame,588,4,-0.0007984337534204215,-0.0007846710747027,0.00020600088654426575,-0.0011372519216351251,-0.000946749989268425,-0.0006360275401358999,-0.0004869905882294401,-0.0013967406424533,-0.0003593807416975,0.0
whisper,spectral_rolloff,frame,588,4,1838.7755102040817,1633.3333333333337,572.8911678791891,1278.3333333333335,1433.3333333333337,2133.333333333333,2933.333333333333,633.3333333333334,4200.0,0.0
whisper,spectral_flatness,frame,588,4,0.015738624223417503,0.012272588264331651,0.01396127503092489,0.003396625339725135,0.007302591560125425,0.018975199585263773,0.04271210463865862,0.0003781235673857,0.1155501566376969,0.0
whisper,temporal_v1_window_full,frame,588,4,1.0,1.0,0.0,1.0,1.0,1.0,1.0,1.0,1.0,0.0
whisper,temporal_v1_silero_median,frame,588,4,0.05135695444872669,0.0138792565558105,0.07904562814256126,0.00051678266900118,0.0038488476420752253,0.0718633756041526,0.18697455637156937,0.0002303608343936,0.5158929824829102,0.0
whisper,temporal_v1_low_proportion_std,frame,588,4,0.1375141841592611,0.13752202832081215,0.08125914664535823,0.0060447435532473,0.06663551170673618,0.20064867898137217,0.2667450779407529,0.001191931182593,0.3462240165936706,0.0
whisper,temporal_v1_raw_is_whisper,frame,588,4,0.6955782312925171,1.0,0.46055389103128364,0.0,0.0,1.0,1.0,0.0,1.0,0.0
whisper,temporal_v1_is_whisper,frame,588,4,0.6955782312925171,1.0,0.46055389103128364,0.0,0.0,1.0,1.0,0.0,1.0,0.0
whisper,temporal_v1_qualifying_run,frame,588,4,13.870748299319727,8.0,16.14827889261822,0.0,0.0,23.0,48.64999999999998,0.0,67.0,0.0
whisper,webrtc_mode_0_evaluated,frame,588,4,1.0,1.0,0.0,1.0,1.0,1.0,1.0,1.0,1.0,0.0
whisper,webrtc_mode_0_is_speech,frame,588,4,0.7278911564625851,1.0,0.4454245625735127,0.0,0.0,1.0,1.0,0.0,1.0,0.0
whisper,webrtc_mode_1_evaluated,frame,588,4,1.0,1.0,0.0,1.0,1.0,1.0,1.0,1.0,1.0,0.0
whisper,webrtc_mode_1_is_speech,frame,588,4,0.7210884353741497,1.0,0.44884577205227216,0.0,0.0,1.0,1.0,0.0,1.0,0.0
whisper,webrtc_mode_2_evaluated,frame,588,4,1.0,1.0,0.0,1.0,1.0,1.0,1.0,1.0,1.0,0.0
whisper,webrtc_mode_2_is_speech,frame,588,4,0.6547619047619048,1.0,0.4758506534686983,0.0,0.0,1.0,1.0,0.0,1.0,0.0
whisper,webrtc_mode_3_evaluated,frame,588,4,1.0,1.0,0.0,1.0,1.0,1.0,1.0,1.0,1.0,0.0
whisper,webrtc_mode_3_is_speech,frame,588,4,0.0,0.0,0.0,0.0,0.0,0.0,0.0,0.0,0.0,0.0
whisper,webrtc_assist_open,frame,588,4,0.7074829931972789,1.0,0.4553057920517415,0.0,0.0,1.0,1.0,0.0,1.0,0.0
whisper,webrtc_assist_enter_count,frame,588,4,0.6581632653061225,0.0,1.9201659214253568,0.0,0.0,0.0,6.0,0.0,9.0,0.0
whisper,webrtc_assist_exit_count,frame,588,4,0.5068027210884354,0.0,1.6576562286126582,0.0,0.0,0.0,5.0,0.0,9.0,0.0
whisper,temporal_candidate,frame,588,4,0.6955782312925171,1.0,0.46055389103128364,0.0,0.0,1.0,1.0,0.0,1.0,0.0
whisper,temporal_qualifying_run,frame,588,4,13.870748299319727,8.0,16.14827889261822,0.0,0.0,23.0,48.64999999999998,0.0,67.0,0.0
whisper,assisted_confirmation_requirement,frame,588,4,15.0,15.0,0.0,15.0,15.0,15.0,15.0,15.0,15.0,0.0
whisper,fallback_confirmation_requirement,frame,588,4,24.0,24.0,0.0,24.0,24.0,24.0,24.0,24.0,24.0,0.0
whisper,confirmation_requirement,frame,588,4,17.632653061224488,15.0,4.0977521284656735,15.0,15.0,24.0,24.0,15.0,24.0,0.0
background_noise,is_speech,segment,45,5,0.0,0.0,0.0,0.0,0.0,0.0,0.0,0.0,0.0,0.0
background_noise,speech_gate_open,segment,45,5,1.0,1.0,0.0,1.0,1.0,1.0,1.0,1.0,1.0,0.0
background_noise,comparison_speech_evaluated,segment,45,5,1.0,1.0,0.0,1.0,1.0,1.0,1.0,1.0,1.0,0.0
background_noise,comparison_speech_is_speech,segment,45,5,0.8151260504201681,0.8571428571428571,0.0939524360294029,0.6890756302521008,0.8571428571428571,0.8571428571428571,0.8571428571428571,0.6470588235294118,0.8571428571428571,0.0
background_noise,comparison_speech_aggressiveness,segment,45,5,1.0,1.0,0.0,1.0,1.0,1.0,1.0,1.0,1.0,0.0
background_noise,is_whisper,segment,45,5,0.09411764705882353,0.0,0.21045345670586255,0.0,0.0,0.0,0.376470588235294,0.0,0.47058823529411764,0.0
background_noise,whisper_processed,segment,45,5,1.0,1.0,0.0,1.0,1.0,1.0,1.0,1.0,1.0,0.0
background_noise,trigger,segment,45,5,0.0,0.0,0.0,0.0,0.0,0.0,0.0,0.0,0.0,0.0
background_noise,stage1_silero_threshold,segment,45,5,,,,,,,,,,1.0
background_noise,stage1_silero_low_pass,segment,45,5,,,,,,,,,,1.0
background_noise,stage1_enter_count,segment,45,5,,,,,,,,,,1.0
background_noise,stage1_exit_count,segment,45,5,,,,,,,,,,1.0
background_noise,stage1_candidate,segment,45,5,,,,,,,,,,1.0
background_noise,zcr_threshold,segment,45,5,,,,,,,,,,1.0
background_noise,zcr_pass,segment,45,5,,,,,,,,,,1.0
background_noise,centroid_threshold,segment,45,5,,,,,,,,,,1.0
background_noise,centroid_pass,segment,45,5,,,,,,,,,,1.0
background_noise,group_a_pass,segment,45,5,,,,,,,,,,1.0
background_noise,entropy_threshold,segment,45,5,,,,,,,,,,1.0
background_noise,group_b_pass,segment,45,5,,,,,,,,,,1.0
background_noise,total_band_energy,segment,45,5,6.529494819703819,5.702832440338268,4.57384422322485,1.585740565801579,3.9338402456823793,9.334078895369446,12.009221276111989,0.998715645831379,12.678006871297626,0.0
background_noise,low_proportion,segment,45,5,0.6457469208958647,0.6399922812780764,0.03799157261371277,0.6090976562290726,0.6293339999332661,0.6486049350819478,0.6951328413227968,0.6040385703030243,0.7067648178830092,0.0
background_noise,mid_proportion,segment,45,5,0.2633162220465436,0.26217978650332213,0.04746659556894166,0.21201391388014262,0.2562498055852947,0.26266427105689066,0.3201586991180627,0.2009549409538546,0.3345323061333558,0.0
background_noise,high_proportion,segment,45,5,0.09093685638122616,0.09514525930260878,0.01752796621233162,0.06759934652306022,0.0922802402816294,0.09782793210924241,0.10596696812523433,0.061429123083417934,0.10800172712923231,0.0
background_noise,low_proportion_threshold,segment,45,5,,,,,,,,,,1.0
background_noise,group_c_pass,segment,45,5,,,,,,,,,,1.0
background_noise,silero_rolling_median,segment,45,5,,,,,,,,,,1.0
background_noise,high_silero_threshold,segment,45,5,,,,,,,,,,1.0
background_noise,high_silero_raw,segment,45,5,,,,,,,,,,1.0
background_noise,high_silero_count,segment,45,5,,,,,,,,,,1.0
background_noise,high_silero_normal_evidence,segment,45,5,,,,,,,,,,1.0
background_noise,silero_penalty,segment,45,5,,,,,,,,,,1.0
background_noise,group_count,segment,45,5,,,,,,,,,,1.0
background_noise,effective_group_score,segment,45,5,,,,,,,,,,1.0
background_noise,grouped_v1_raw_is_whisper,segment,45,5,,,,,,,,,,1.0
background_noise,stage2_is_whisper,segment,45,5,,,,,,,,,,1.0
background_noise,stage2_consecutive_count,segment,45,5,,,,,,,,,,1.0
background_noise,legacy_is_whisper,segment,45,5,0.12605042016806722,0.14285714285714285,0.03758097441176117,0.07563025210084033,0.14285714285714285,0.14285714285714285,0.14285714285714285,0.058823529411764705,0.14285714285714285,0.0
background_noise,grouped_v1_is_whisper,segment,45,5,0.27899159663865547,0.0,0.39228489306608827,0.0,0.0,0.5714285714285714,0.7731092436974789,0.0,0.8235294117647058,0.0
background_noise,final_trigger,segment,45,5,0.0,0.0,0.0,0.0,0.0,0.0,0.0,0.0,0.0,0.0
background_noise,rms,segment,45,5,0.002852026874871172,0.0032027837165676146,0.0012649225391841966,0.0013805981198986646,0.0018398134309391208,0.0036515856676068614,0.004170442947204344,0.0012657942921385505,0.004300157267103715,0.0
background_noise,zcr,segment,45,5,0.12055227101278923,0.12169961930492444,0.018318885798680414,0.09895615866388303,0.1118401431553832,0.12883984491500147,0.14148523710110347,0.095735162541008,0.144646585147629,0.0
background_noise,entropy,segment,45,5,3.736775062675906,3.6561266244107005,0.2008725870205439,3.5553638074320304,3.574257634259894,3.922378189206218,3.9688536496633673,3.5506403507250646,3.9804725147776545,0.0
background_noise,voicing,segment,45,5,0.876801291737163,0.8777368836503212,0.010371725357716941,0.8660682922993005,0.8691456828094513,0.8798926812990937,0.8895243492639678,0.8652989446717628,0.8919322662551864,0.0
background_noise,hnr,segment,45,5,76.88520453634978,75.78975979669364,6.0791948128201785,70.31768256748043,73.37747078179086,80.69347970386097,84.14875744917262,69.55273551390283,85.01257688550054,0.0
background_noise,spectral_centroid,segment,45,5,1609.0422411357101,1616.1725601863384,38.59866687530417,1557.7399755275965,1612.2564307811394,1626.529846294274,1642.2191746209253,1544.1108617142108,1646.1415067025882,0.0
background_noise,band_energy_low,segment,45,5,1.554670414265337,0.8822025536481588,0.9644175546493206,0.8287101419974594,0.8446328681988923,2.6086654320278995,2.6122304920092856,0.8247294604471012,2.6131217570046323,0.0
background_noise,band_energy_mid,segment,45,5,2.732968986045009,2.8675337805031385,2.024056802863537,0.3923412354772121,1.6241464037295732,3.6605932321869297,5.07466390275041,0.08438994341412184,5.42818157039128,0.0
background_noise,band_energy_high,segment,45,5,2.2418554193924742,1.9530961061859693,1.7125696875894239,0.3646891883259077,1.4650609737529143,3.0648202311536177,4.3223268813512945,0.08959624196915603,4.636703543900714,0.0
background_noise,temporal_score,segment,45,5,0.0,0.0,0.0,0.0,0.0,0.0,0.0,0.0,0.0,0.0
background_noise,formant_score,segment,45,5,0.0,0.0,0.0,0.0,0.0,0.0,0.0,0.0,0.0,0.0
background_noise,low_proportion_std,segment,45,5,0.1430678215078851,0.1430678215078851,,0.1430678215078851,0.1430678215078851,0.1430678215078851,0.1430678215078851,0.1430678215078851,0.1430678215078851,0.8
background_noise,mid_proportion_std,segment,45,5,0.13634888484686433,0.13634888484686433,,0.13634888484686433,0.13634888484686433,0.13634888484686433,0.13634888484686433,0.13634888484686433,0.13634888484686433,0.8
background_noise,high_proportion_std,segment,45,5,0.025757436894258738,0.025757436894258738,,0.025757436894258738,0.025757436894258738,0.025757436894258738,0.025757436894258738,0.025757436894258738,0.025757436894258738,0.8
background_noise,zcr_std,segment,45,5,0.00958117449710835,0.00958117449710835,,0.00958117449710835,0.00958117449710835,0.00958117449710835,0.00958117449710835,0.00958117449710835,0.00958117449710835,0.8
background_noise,entropy_std,segment,45,5,0.2996103628164489,0.2996103628164489,,0.2996103628164489,0.2996103628164489,0.2996103628164489,0.2996103628164489,0.2996103628164489,0.2996103628164489,0.8
background_noise,spectral_centroid_std,segment,45,5,103.91840378613087,103.91840378613087,,103.91840378613087,103.91840378613087,103.91840378613087,103.91840378613087,103.91840378613087,103.91840378613087,0.8
background_noise,spectral_flux,segment,45,5,0.004815398833614882,0.005890664085281016,0.0027445033327728433,0.0015294072228132466,0.0025824732500571664,0.006773719904883134,0.007405940950457286,0.0012661407160022666,0.007563996211850825,0.0
background_noise,cepstral_peak_prominence,segment,45,5,1.4420997049156061,1.4130985776763374,0.15220702139101117,1.2838728424200407,1.3379208768345363,1.544600982439347,1.6245339995369845,1.2703608338164167,1.644517253811394,0.0
background_noise,spectral_slope,segment,45,5,-0.0008658255002614538,-0.0008525123154807428,9.17452204344299e-05,-0.0009755774883245972,-0.0009247042890923572,-0.0008031123346197823,-0.0007690246861093394,-0.0009882957881326572,-0.0007605027739817286,0.0
background_noise,spectral_rolloff,segment,45,5,1648.12324929972,1714.2857142857142,129.51182666794324,1479.1596638655462,1576.1904761904764,1733.3333333333337,1756.1904761904764,1454.9019607843138,1761.904761904762,0.0
background_noise,spectral_flatness,segment,45,5,0.01672668719895763,0.014972076432083007,0.005509842510671141,0.012175980942835497,0.014095551195337314,0.016863688604356115,0.02417756282751256,0.011696088379710043,0.026006031383301674,0.0
background_noise,temporal_v1_window_full,segment,45,5,0.09411764705882353,0.0,0.21045345670586255,0.0,0.0,0.0,0.376470588235294,0.0,0.47058823529411764,0.0
background_noise,temporal_v1_silero_median,segment,45,5,0.004040602216264212,0.004040602216264212,,0.004040602216264212,0.004040602216264212,0.004040602216264212,0.004040602216264212,0.004040602216264212,0.004040602216264212,0.8
background_noise,temporal_v1_low_proportion_std,segment,45,5,0.1430678215078851,0.1430678215078851,,0.1430678215078851,0.1430678215078851,0.1430678215078851,0.1430678215078851,0.1430678215078851,0.1430678215078851,0.8
background_noise,temporal_v1_raw_is_whisper,segment,45,5,0.09411764705882353,0.0,0.21045345670586255,0.0,0.0,0.0,0.376470588235294,0.0,0.47058823529411764,0.0
background_noise,temporal_v1_is_whisper,segment,45,5,0.09411764705882353,0.0,0.21045345670586255,0.0,0.0,0.0,0.376470588235294,0.0,0.47058823529411764,0.0
background_noise,temporal_v1_qualifying_run,segment,45,5,0.4235294117647059,0.0,0.9470405551763815,0.0,0.0,0.0,1.6941176470588233,0.0,2.1176470588235294,0.0
background_noise,webrtc_mode_0_evaluated,segment,45,5,1.0,1.0,0.0,1.0,1.0,1.0,1.0,1.0,1.0,0.0
background_noise,webrtc_mode_0_is_speech,segment,45,5,0.8151260504201681,0.8571428571428571,0.0939524360294029,0.6890756302521008,0.8571428571428571,0.8571428571428571,0.8571428571428571,0.6470588235294118,0.8571428571428571,0.0
background_noise,webrtc_mode_1_evaluated,segment,45,5,1.0,1.0,0.0,1.0,1.0,1.0,1.0,1.0,1.0,0.0
background_noise,webrtc_mode_1_is_speech,segment,45,5,0.8151260504201681,0.8571428571428571,0.0939524360294029,0.6890756302521008,0.8571428571428571,0.8571428571428571,0.8571428571428571,0.6470588235294118,0.8571428571428571,0.0
background_noise,webrtc_mode_2_evaluated,segment,45,5,1.0,1.0,0.0,1.0,1.0,1.0,1.0,1.0,1.0,0.0
background_noise,webrtc_mode_2_is_speech,segment,45,5,0.43697478991596633,0.42857142857142855,0.018790487205880595,0.42857142857142855,0.42857142857142855,0.42857142857142855,0.4621848739495798,0.42857142857142855,0.47058823529411764,0.0
background_noise,webrtc_mode_3_evaluated,segment,45,5,1.0,1.0,0.0,1.0,1.0,1.0,1.0,1.0,1.0,0.0
background_noise,webrtc_mode_3_is_speech,segment,45,5,0.37815126050420167,0.42857142857142855,0.1127429232352835,0.22689075630252103,0.42857142857142855,0.42857142857142855,0.42857142857142855,0.17647058823529413,0.42857142857142855,0.0
background_noise,webrtc_assist_open,segment,45,5,0.0,0.0,0.0,0.0,0.0,0.0,0.0,0.0,0.0,0.0
background_noise,webrtc_assist_enter_count,segment,45,5,2.8235294117647056,3.0,0.3946002313234923,2.2941176470588234,3.0,3.0,3.0,2.1176470588235294,3.0,0.0
background_noise,webrtc_assist_exit_count,segment,45,5,0.0,0.0,0.0,0.0,0.0,0.0,0.0,0.0,0.0,0.0
background_noise,temporal_candidate,segment,45,5,0.09411764705882353,0.0,0.21045345670586255,0.0,0.0,0.0,0.376470588235294,0.0,0.47058823529411764,0.0
background_noise,temporal_qualifying_run,segment,45,5,0.4235294117647059,0.0,0.9470405551763815,0.0,0.0,0.0,1.6941176470588233,0.0,2.1176470588235294,0.0
background_noise,assisted_confirmation_requirement,segment,45,5,15.0,15.0,0.0,15.0,15.0,15.0,15.0,15.0,15.0,0.0
background_noise,fallback_confirmation_requirement,segment,45,5,24.0,24.0,0.0,24.0,24.0,24.0,24.0,24.0,24.0,0.0
background_noise,confirmation_requirement,segment,45,5,24.0,24.0,0.0,24.0,24.0,24.0,24.0,24.0,24.0,0.0
normal_speech,is_speech,segment,125,2,0.7077886710239651,0.7077886710239651,0.08588497396764708,0.6531318082788671,0.6774237472766884,0.7381535947712419,0.7624455337690631,0.6470588235294118,0.7685185185185185,0.0
normal_speech,speech_gate_open,segment,125,2,1.0,1.0,0.0,1.0,1.0,1.0,1.0,1.0,1.0,0.0
normal_speech,comparison_speech_evaluated,segment,125,2,1.0,1.0,0.0,1.0,1.0,1.0,1.0,1.0,1.0,0.0
normal_speech,comparison_speech_is_speech,segment,125,2,0.9259259259259259,0.9259259259259259,0.10475656017578482,0.8592592592592593,0.8888888888888888,0.962962962962963,0.9925925925925926,0.8518518518518519,1.0,0.0
normal_speech,comparison_speech_aggressiveness,segment,125,2,1.0,1.0,0.0,1.0,1.0,1.0,1.0,1.0,1.0,0.0
normal_speech,is_whisper,segment,125,2,0.210239651416122,0.210239651416122,0.035432365941809575,0.18769063180827886,0.1977124183006536,0.2227668845315904,0.23278867102396514,0.18518518518518517,0.23529411764705882,0.0
normal_speech,whisper_processed,segment,125,2,1.0,1.0,0.0,1.0,1.0,1.0,1.0,1.0,1.0,0.0
normal_speech,trigger,segment,125,2,0.0,0.0,0.0,0.0,0.0,0.0,0.0,0.0,0.0,0.0
normal_speech,stage1_silero_threshold,segment,125,2,,,,,,,,,,1.0
normal_speech,stage1_silero_low_pass,segment,125,2,,,,,,,,,,1.0
normal_speech,stage1_enter_count,segment,125,2,,,,,,,,,,1.0
normal_speech,stage1_exit_count,segment,125,2,,,,,,,,,,1.0
normal_speech,stage1_candidate,segment,125,2,,,,,,,,,,1.0
normal_speech,zcr_threshold,segment,125,2,,,,,,,,,,1.0
normal_speech,zcr_pass,segment,125,2,,,,,,,,,,1.0
normal_speech,centroid_threshold,segment,125,2,,,,,,,,,,1.0
normal_speech,centroid_pass,segment,125,2,,,,,,,,,,1.0
normal_speech,group_a_pass,segment,125,2,,,,,,,,,,1.0
normal_speech,entropy_threshold,segment,125,2,,,,,,,,,,1.0
normal_speech,group_b_pass,segment,125,2,,,,,,,,,,1.0
normal_speech,total_band_energy,segment,125,2,3.7318040085480924,3.7318040085480924,2.850588083327318,1.9177008608668134,2.723968926502937,4.739639090593247,5.5459071562293705,1.7161338444577825,5.747474172638402,0.0
normal_speech,low_proportion,segment,125,2,0.8744659501762506,0.8744659501762506,0.029441343396808456,0.8557295939694382,0.8640568633946881,0.8848750369578132,0.8932023063830632,0.8536477766131256,0.8952841237393757,0.0
normal_speech,mid_proportion,segment,125,2,0.10352477100042831,0.10352477100042831,0.015560013857615282,0.09362243881775953,0.09802347534339009,0.10902606665746652,0.11342710318309708,0.09252217968635189,0.11452736231450472,0.0
normal_speech,high_proportion,segment,125,2,0.022009278788063684,0.022009278788063684,0.013881329509286305,0.013175254782952533,0.017101487674113045,0.026917069902014323,0.030843302793174834,0.012193696560162406,0.03182486101596496,0.0
normal_speech,low_proportion_threshold,segment,125,2,,,,,,,,,,1.0
normal_speech,group_c_pass,segment,125,2,,,,,,,,,,1.0
normal_speech,silero_rolling_median,segment,125,2,,,,,,,,,,1.0
normal_speech,high_silero_threshold,segment,125,2,,,,,,,,,,1.0
normal_speech,high_silero_raw,segment,125,2,,,,,,,,,,1.0
normal_speech,high_silero_count,segment,125,2,,,,,,,,,,1.0
normal_speech,high_silero_normal_evidence,segment,125,2,,,,,,,,,,1.0
normal_speech,silero_penalty,segment,125,2,,,,,,,,,,1.0
normal_speech,group_count,segment,125,2,,,,,,,,,,1.0
normal_speech,effective_group_score,segment,125,2,,,,,,,,,,1.0
normal_speech,grouped_v1_raw_is_whisper,segment,125,2,,,,,,,,,,1.0
normal_speech,stage2_is_whisper,segment,125,2,,,,,,,,,,1.0
normal_speech,stage2_consecutive_count,segment,125,2,,,,,,,,,,1.0
normal_speech,legacy_is_whisper,segment,125,2,0.18518518518518517,0.18518518518518517,0.261891400439462,0.018518518518518517,0.09259259259259259,0.2777777777777778,0.3518518518518518,0.0,0.37037037037037035,0.0
normal_speech,grouped_v1_is_whisper,segment,125,2,0.14814814814814814,0.14814814814814814,0.20951312035156963,0.014814814814814815,0.07407407407407407,0.2222222222222222,0.28148148148148144,0.0,0.2962962962962963,0.0
normal_speech,final_trigger,segment,125,2,0.0,0.0,0.0,0.0,0.0,0.0,0.0,0.0,0.0,0.0
normal_speech,rms,segment,125,2,0.004281748204605164,0.004281748204605164,0.0014633145713441663,0.0033505005138392725,0.003764388376401891,0.004799108032808437,0.005212995895371055,0.003247028548198618,0.00531646786101171,0.0
normal_speech,zcr,segment,125,2,0.08216839275724203,0.08216839275724203,0.01460535824936395,0.07287359968343632,0.07700461882734996,0.0873321666871341,0.09146318583104775,0.0718408448974579,0.09249594061702616,0.0
normal_speech,entropy,segment,125,2,2.3614326488584565,2.3614326488584565,0.2193175914488886,2.2218597883261477,2.2838921707849513,2.4389731269319617,2.5010055093907653,2.2063516927114466,2.5165136050054664,0.0
normal_speech,voicing,segment,125,2,0.9479306959537673,0.9479306959537673,0.02119255231760138,0.9344438382447834,0.940437997226554,0.9554233946809807,0.9614175536627513,0.9329452984993407,0.962916093408194,0.0
normal_speech,hnr,segment,125,2,93.7475258586079,93.7475258586079,0.6054011666958585,93.3622509153299,93.53348422345346,93.96156749376235,94.1328008018859,93.31944258829901,94.17560912891679,0.0
normal_speech,spectral_centroid,segment,125,2,1206.7045557088209,1206.7045557088209,153.74719736745314,1108.8604384465636,1152.3467127853446,1261.0623986322973,1304.5486729710783,1097.9888698618684,1315.4202415557736,0.0
normal_speech,band_energy_low,segment,125,2,3.4250973172914665,3.4250973172914665,2.560514851481911,1.795595643960914,2.519818609885604,4.330376024697329,5.054598990622019,1.6145399024797416,5.235654732103192,0.0
normal_speech,band_energy_mid,segment,125,2,0.29705176965245994,0.29705176965245994,0.2806755345826836,0.11843095321754253,0.19781798274417248,0.3962855565607474,0.4756725860873773,0.09858419583588504,0.4955193434690348,0.0
normal_speech,band_energy_high,segment,125,2,0.009654921603166004,0.009654921603166004,0.009397697262723473,0.003674263687356984,0.0063323338721609935,0.012977509334171015,0.015635579518975023,0.0030097461411559816,0.016300097065176027,0.0
normal_speech,temporal_score,segment,125,2,0.0,0.0,0.0,0.0,0.0,0.0,0.0,0.0,0.0,0.0
normal_speech,formant_score,segment,125,2,0.0,0.0,0.0,0.0,0.0,0.0,0.0,0.0,0.0,0.0
normal_speech,low_proportion_std,segment,125,2,0.11367672149164273,0.11367672149164273,0.034322691003057,0.09183389469049383,0.10154181771322668,0.1258116252700588,0.13551954829279164,0.08940691393481062,0.13794652904847485,0.0
normal_speech,mid_proportion_std,segment,125,2,0.09331609372855086,0.09331609372855086,0.03499141659532792,0.07104769256645899,0.08094475974961093,0.10568742770749079,0.11558449489064274,0.06857342577067099,0.11805876168643073,0.0
normal_speech,high_proportion_std,segment,125,2,0.026152091233149204,0.026152091233149204,0.0007034583597430221,0.02570441307433821,0.025903381144920877,0.02640080132137753,0.026599769391960196,0.025654671056692547,0.02664951140960586,0.0
normal_speech,zcr_std,segment,125,2,0.028685717488916074,0.028685717488916074,0.006138237875460413,0.024779366825269326,0.02651552267577899,0.030855912302053156,0.03259206815256282,0.02434532786264191,0.03302610711519024,0.0
normal_speech,entropy_std,segment,125,2,0.6220717605744304,0.6220717605744304,0.021412345513419785,0.6084450273321468,0.6145013532176061,0.6296421679312546,0.635698493816714,0.6069309458607819,0.6372125752880788,0.0
normal_speech,spectral_centroid_std,segment,125,2,205.85568234578068,205.85568234578068,37.82334578502128,181.78505248320374,192.48311019990462,219.22825449165677,229.92631220835764,179.11053805402852,232.60082663753286,0.0
normal_speech,spectral_flux,segment,125,2,0.017561145272627577,0.017561145272627577,0.008112432118311775,0.012398425086131154,0.014692967391240675,0.02042932315401448,0.022723865459124002,0.011824789509853773,0.02329750103540138,0.0
normal_speech,cepstral_peak_prominence,segment,125,2,1.0612345899830904,1.0612345899830904,0.052525214356832065,1.0278077482535968,1.042664122355594,1.0798050576105869,1.094661431712584,1.0240936547280974,1.0983755252380834,0.0
normal_speech,spectral_slope,segment,125,2,-0.0006464488240709438,-0.0006464488240709438,3.0447237256242706e-05,-0.0006658253272100002,-0.0006572135480370862,-0.0006356841001048014,-0.0006270723209318874,-0.0006679782720032287,-0.0006249193761386589,0.0
normal_speech,spectral_rolloff,segment,125,2,926.4433551198258,926.4433551198258,270.32584407126257,754.4090413943355,830.8687363834423,1022.0179738562093,1098.4776688453162,735.2941176470588,1117.5925925925928,0.0
normal_speech,spectral_flatness,segment,125,2,0.00895631636976087,0.00895631636976087,0.0049463485996257845,0.005808479396543692,0.007207518051306882,0.010705114688214857,0.012104153342978046,0.005458719732852895,0.012453913006668845,0.0
normal_speech,temporal_v1_window_full,segment,125,2,1.0,1.0,0.0,1.0,1.0,1.0,1.0,1.0,1.0,0.0
normal_speech,temporal_v1_silero_median,segment,125,2,0.5612759911431219,0.5612759911431219,0.2169391348937705,0.4232167710938064,0.4845764244490577,0.637975557837186,0.6993352111924374,0.40787685775499355,0.7146751245312501,0.0
normal_speech,temporal_v1_low_proportion_std,segment,125,2,0.11367672149164273,0.11367672149164273,0.034322691003057,0.09183389469049383,0.10154181771322668,0.1258116252700588,0.13551954829279164,0.08940691393481062,0.13794652904847485,0.0
normal_speech,temporal_v1_raw_is_whisper,segment,125,2,0.210239651416122,0.210239651416122,0.035432365941809575,0.18769063180827886,0.1977124183006536,0.2227668845315904,0.23278867102396514,0.18518518518518517,0.23529411764705882,0.0
normal_speech,temporal_v1_is_whisper,segment,125,2,0.210239651416122,0.210239651416122,0.035432365941809575,0.18769063180827886,0.1977124183006536,0.2227668845315904,0.23278867102396514,0.18518518518518517,0.23529411764705882,0.0
normal_speech,temporal_v1_qualifying_run,segment,125,2,0.6968954248366013,0.6968954248366013,0.15366863055197846,0.5991013071895425,0.6425653594771242,0.7512254901960784,0.7946895424836602,0.5882352941176471,0.8055555555555556,0.0
normal_speech,webrtc_mode_0_evaluated,segment,125,2,1.0,1.0,0.0,1.0,1.0,1.0,1.0,1.0,1.0,0.0
normal_speech,webrtc_mode_0_is_speech,segment,125,2,0.9305555555555556,0.9305555555555556,0.09820927516479823,0.8680555555555556,0.8958333333333334,0.9652777777777778,0.9930555555555556,0.8611111111111112,1.0,0.0
normal_speech,webrtc_mode_1_evaluated,segment,125,2,1.0,1.0,0.0,1.0,1.0,1.0,1.0,1.0,1.0,0.0
normal_speech,webrtc_mode_1_is_speech,segment,125,2,0.9259259259259259,0.9259259259259259,0.10475656017578482,0.8592592592592593,0.8888888888888888,0.962962962962963,0.9925925925925926,0.8518518518518519,1.0,0.0
normal_speech,webrtc_mode_2_evaluated,segment,125,2,1.0,1.0,0.0,1.0,1.0,1.0,1.0,1.0,1.0,0.0
normal_speech,webrtc_mode_2_is_speech,segment,125,2,0.8548474945533768,0.8548474945533768,0.12208760873427864,0.7771514161220043,0.8116830065359477,0.898011982570806,0.9325435729847494,0.7685185185185185,0.9411764705882353,0.0
normal_speech,webrtc_mode_3_evaluated,segment,125,2,1.0,1.0,0.0,1.0,1.0,1.0,1.0,1.0,1.0,0.0
normal_speech,webrtc_mode_3_is_speech,segment,125,2,0.5547385620915033,0.5547385620915033,0.11900653343499082,0.4790032679738562,0.5126633986928104,0.5968137254901961,0.6304738562091503,0.47058823529411764,0.6388888888888888,0.0
normal_speech,webrtc_assist_open,segment,125,2,0.6936274509803921,0.6936274509803921,0.31542508376458733,0.49289215686274507,0.5821078431372548,0.8051470588235294,0.8943627450980391,0.47058823529411764,0.9166666666666666,0.0
normal_speech,webrtc_assist_enter_count,segment,125,2,1.531862745098039,1.531862745098039,1.5771254188229367,0.5281862745098039,0.974264705882353,2.0894607843137254,2.535539215686274,0.4166666666666667,2.6470588235294117,0.0
normal_speech,webrtc_assist_exit_count,segment,125,2,0.2638888888888889,0.2638888888888889,0.3731952456262334,0.026388888888888892,0.13194444444444445,0.39583333333333337,0.5013888888888889,0.0,0.5277777777777778,0.0
normal_speech,temporal_candidate,segment,125,2,0.210239651416122,0.210239651416122,0.035432365941809575,0.18769063180827886,0.1977124183006536,0.2227668845315904,0.23278867102396514,0.18518518518518517,0.23529411764705882,0.0
normal_speech,temporal_qualifying_run,segment,125,2,0.6968954248366013,0.6968954248366013,0.15366863055197846,0.5991013071895425,0.6425653594771242,0.7512254901960784,0.7946895424836602,0.5882352941176471,0.8055555555555556,0.0
normal_speech,assisted_confirmation_requirement,segment,125,2,15.0,15.0,0.0,15.0,15.0,15.0,15.0,15.0,15.0,0.0
normal_speech,fallback_confirmation_requirement,segment,125,2,24.0,24.0,0.0,24.0,24.0,24.0,24.0,24.0,24.0,0.0
normal_speech,confirmation_requirement,segment,125,2,17.75735294117647,17.75735294117647,2.838825753881287,15.950735294117647,16.753676470588236,18.761029411764707,19.563970588235296,15.75,19.764705882352942,0.0
silence,is_speech,segment,912,10,0.0022727272727272726,0.0,0.007186994682200861,0.0,0.0,0.0,0.012499999999999976,0.0,0.022727272727272728,0.0
silence,speech_gate_open,segment,912,10,1.0,1.0,0.0,1.0,1.0,1.0,1.0,1.0,1.0,0.0
silence,comparison_speech_evaluated,segment,912,10,1.0,1.0,0.0,1.0,1.0,1.0,1.0,1.0,1.0,0.0
silence,comparison_speech_is_speech,segment,912,10,0.015164107537203436,0.0,0.026034553620105955,0.0,0.0,0.01991112385321101,0.061963979416809575,0.0,0.07547169811320754,0.0
silence,comparison_speech_aggressiveness,segment,912,10,1.0,1.0,0.0,1.0,1.0,1.0,1.0,1.0,1.0,0.0
silence,is_whisper,segment,912,10,0.2357190909154217,0.11138999480699326,0.3319537915960548,0.0,0.007561063218390805,0.2954545454545454,0.8274999999999996,0.0,1.0,0.0
silence,whisper_processed,segment,912,10,1.0,1.0,0.0,1.0,1.0,1.0,1.0,1.0,1.0,0.0
silence,trigger,segment,912,10,0.0,0.0,0.0,0.0,0.0,0.0,0.0,0.0,0.0,0.0
silence,stage1_silero_threshold,segment,912,10,,,,,,,,,,1.0
silence,stage1_silero_low_pass,segment,912,10,,,,,,,,,,1.0
silence,stage1_enter_count,segment,912,10,,,,,,,,,,1.0
silence,stage1_exit_count,segment,912,10,,,,,,,,,,1.0
silence,stage1_candidate,segment,912,10,,,,,,,,,,1.0
silence,zcr_threshold,segment,912,10,,,,,,,,,,1.0
silence,zcr_pass,segment,912,10,,,,,,,,,,1.0
silence,centroid_threshold,segment,912,10,,,,,,,,,,1.0
silence,centroid_pass,segment,912,10,,,,,,,,,,1.0
silence,group_a_pass,segment,912,10,,,,,,,,,,1.0
silence,entropy_threshold,segment,912,10,,,,,,,,,,1.0
silence,group_b_pass,segment,912,10,,,,,,,,,,1.0
silence,total_band_energy,segment,912,10,0.019113238060693975,0.0035339380503623813,0.036032723290167414,0.0015812976205107118,0.0021755641896090364,0.005942007262419219,0.08537295101094304,0.0014844149569851583,0.11090728842177518,0.0
silence,low_proportion,segment,912,10,0.6793960825737919,0.6854640949838791,0.05274334914824053,0.6075877184232061,0.6364622316480651,0.7261558242967002,0.7431072696939256,0.5957739050395573,0.7496450914712717,0.0
silence,mid_proportion,segment,912,10,0.2600772174082516,0.2423821474781681,0.052417642230741794,0.19928549068352477,0.21887887830027308,0.3064475964542299,0.330523752970901,0.1877747205039752,0.3309303472850698,0.0
silence,high_proportion,segment,912,10,0.06052669902297434,0.06092909598291117,0.01093548894613546,0.04861055501432318,0.0516541281696728,0.06358037571760902,0.07810970078743801,0.04704282811985591,0.08130912849277012,0.0
silence,low_proportion_threshold,segment,912,10,,,,,,,,,,1.0
silence,group_c_pass,segment,912,10,,,,,,,,,,1.0
silence,silero_rolling_median,segment,912,10,,,,,,,,,,1.0
silence,high_silero_threshold,segment,912,10,,,,,,,,,,1.0
silence,high_silero_raw,segment,912,10,,,,,,,,,,1.0
silence,high_silero_count,segment,912,10,,,,,,,,,,1.0
silence,high_silero_normal_evidence,segment,912,10,,,,,,,,,,1.0
silence,silero_penalty,segment,912,10,,,,,,,,,,1.0
silence,group_count,segment,912,10,,,,,,,,,,1.0
silence,effective_group_score,segment,912,10,,,,,,,,,,1.0
silence,grouped_v1_raw_is_whisper,segment,912,10,,,,,,,,,,1.0
silence,stage2_is_whisper,segment,912,10,,,,,,,,,,1.0
silence,stage2_consecutive_count,segment,912,10,,,,,,,,,,1.0
silence,legacy_is_whisper,segment,912,10,0.0,0.0,0.0,0.0,0.0,0.0,0.0,0.0,0.0,0.0
silence,grouped_v1_is_whisper,segment,912,10,0.3871058249744146,0.1861580556896829,0.41310293041270874,0.0,0.0330188679245283,0.7166666666666667,1.0,0.0,1.0,0.0
silence,final_trigger,segment,912,10,0.0,0.0,0.0,0.0,0.0,0.0,0.0,0.0,0.0,0.0
silence,rms,segment,912,10,0.000265903937808677,0.00015726659719890319,0.0002744868588606863,0.00011250831729326224,0.00011705023670018506,0.00019353924553121933,0.0007769818009191558,0.00010991139604918925,0.0009347154873574967,0.0
silence,zcr,segment,912,10,0.13245435043901857,0.13575380752651908,0.01386968240604724,0.11243215031315236,0.12184812587385796,0.13959717213892575,0.1504271050800278,0.11064718162839245,0.1513743910925539,0.0
silence,entropy,segment,912,10,3.6613994498237803,3.6394791041986148,0.1164092352794306,3.519074914623399,3.5899476512858195,3.7316727301278565,3.8312673193731093,3.481661138875038,3.8886907065909586,0.0
silence,voicing,segment,912,10,0.8998070757954301,0.9021645922025139,0.010824001366674241,0.8820047677426271,0.8959912095659275,0.9072633032331149,0.9112712424948429,0.8782738364115961,0.9113574118235573,0.0
silence,hnr,segment,912,10,70.35327566790282,68.50743591709748,6.588609854851844,64.90920764367547,65.84265235955264,70.30313671722493,82.26449803676807,64.590167838858,85.11320004689131,0.0
silence,spectral_centroid,segment,912,10,1545.8468939737306,1547.7756102268688,39.420057737434625,1500.8251815401934,1514.5681041448563,1559.7770674754747,1604.7286687521178,1495.5600886863967,1628.1554747001205,0.0
silence,band_energy_low,segment,912,10,0.013961166848657853,0.002392881866688712,0.02652701881733643,0.0009436034716780817,0.0013560587498864071,0.004341637192437915,0.06275603971261982,0.0008847799802388439,0.08146998617646933,0.0
silence,band_energy_mid,segment,912,10,0.004158493275072773,0.000891932967146366,0.0076296156333935635,0.00043389381449767176,0.0006093755072830822,0.0014347921921634057,0.018161466745702293,0.00038938505514246667,0.023653984466450603,0.0
silence,band_energy_high,segment,912,10,0.0009935779359632844,0.00016391232447652648,0.0018816008464507517,8.048049713857292e-05,0.00012477826891105947,0.00030222788595282637,0.004455444551620831,7.953105073881715e-05,0.005783317777855153,0.0
silence,temporal_score,segment,912,10,0.0,0.0,0.0,0.0,0.0,0.0,0.0,0.0,0.0,0.0
silence,formant_score,segment,912,10,0.0,0.0,0.0,0.0,0.0,0.0,0.0,0.0,0.0,0.0
silence,low_proportion_std,segment,912,10,0.06392707442378945,0.06068966995847348,0.030526914109455124,0.022814154829955254,0.05113035196922906,0.07771505908835219,0.10632283360934691,0.0071151589659804405,0.12363562267768197,0.0
silence,mid_proportion_std,segment,912,10,0.05562105535749586,0.05119028324484799,0.030312471002950855,0.013834936183975376,0.039926785449200565,0.0778235809481017,0.09582060265567298,0.006668767717685626,0.10850143604042149,0.0
silence,high_proportion_std,segment,912,10,0.02303353461631794,0.02239009796191671,0.012803908615853177,0.005613466683144572,0.016080925470619307,0.031945672851894834,0.040429114484612325,0.0013579956795403832,0.04505619778066596,0.0
silence,zcr_std,segment,912,10,0.0205264713181107,0.020048301713889615,0.003968571274471763,0.01579392897439704,0.018464277077030414,0.02222980514009488,0.026620024395867872,0.015707602448837687,0.029121687625446844,0.0
silence,entropy_std,segment,912,10,0.1697942167651162,0.17464027308812377,0.06137340232461861,0.07539862086410387,0.15353675520865673,0.20548267622905297,0.23700959642531777,0.025862732523580286,0.2540156114116936,0.0
silence,spectral_centroid_std,segment,912,10,80.6459761217367,77.76247132507665,40.09590718885361,27.42658936568096,64.93554904121117,95.31728418723725,138.86887214031754,6.075285862499273,158.979770316116,0.0
silence,spectral_flux,segment,912,10,0.0038393667044742826,0.003745706093446717,0.0017827557147449796,0.0010345999161187433,0.003307707115273098,0.00525144950523324,0.005834116837372389,0.00010283439565421666,0.005865001818819628,0.0
silence,cepstral_peak_prominence,segment,912,10,1.397878841983309,1.3476654337483658,0.16634548220741585,1.2483194060376723,1.2639937784772706,1.4669005736294083,1.6799189857425492,1.2477286442103097,1.7244864761303584,0.0
silence,spectral_slope,segment,912,10,-0.0008392150113612641,-0.0008077082589345393,0.00010124940421324394,-0.0010116239827442008,-0.0008804309658418477,-0.0007593719681824296,-0.0007486621271481251,-0.0010382782078006301,-0.0007478946796104321,0.0
silence,spectral_rolloff,segment,912,10,1534.0748539867282,1505.6252176941832,110.95184013277624,1423.3269622833843,1440.1010101010104,1605.509868421053,1697.691823899371,1413.888888888889,1701.2578616352203,0.0
silence,spectral_flatness,segment,912,10,0.01704717948642702,0.01742768549880627,0.004725504953262359,0.0103791734787671,0.013821711046655945,0.019922152694275976,0.023254394156474387,0.009332414121891156,0.024816766371329072,0.0
silence,temporal_v1_window_full,segment,912,10,0.992506195296847,1.0,0.011886824723231873,0.9713218390804598,0.9890959480122324,1.0,1.0,0.9666666666666667,1.0,0.0
silence,temporal_v1_silero_median,segment,912,10,0.0242005042631402,0.003760629983469006,0.039901266435002775,0.00036614075795727376,0.0010094602126126935,0.03154841676498091,0.09502505190903311,0.00018513346064229666,0.1195210590111938,0.0
silence,temporal_v1_low_proportion_std,segment,912,10,0.06392707442378945,0.06068966995847348,0.030526914109455124,0.022814154829955254,0.05113035196922906,0.07771505908835219,0.10632283360934691,0.0071151589659804405,0.12363562267768197,0.0
silence,temporal_v1_raw_is_whisper,segment,912,10,0.2357190909154217,0.11138999480699326,0.3319537915960548,0.0,0.007561063218390805,0.2954545454545454,0.8274999999999996,0.0,1.0,0.0
silence,temporal_v1_is_whisper,segment,912,10,0.2357190909154217,0.11138999480699326,0.3319537915960548,0.0,0.007561063218390805,0.2954545454545454,0.8274999999999996,0.0,1.0,0.0
silence,temporal_v1_qualifying_run,segment,912,10,2.675639753312283,0.7359933067912988,3.9133451639479597,0.0,0.007561063218390805,4.8761363636363635,9.137499999999994,0.0,11.295454545454545,0.0
silence,webrtc_mode_0_evaluated,segment,912,10,1.0,1.0,0.0,1.0,1.0,1.0,1.0,1.0,1.0,0.0
silence,webrtc_mode_0_is_speech,segment,912,10,0.017050899990033626,0.0,0.03108472060019955,0.0,0.0,0.01991112385321101,0.0723413379073756,0.0,0.09433962264150944,0.0
silence,webrtc_mode_1_evaluated,segment,912,10,1.0,1.0,0.0,1.0,1.0,1.0,1.0,1.0,1.0,0.0
silence,webrtc_mode_1_is_speech,segment,912,10,0.015164107537203436,0.0,0.026034553620105955,0.0,0.0,0.01991112385321101,0.061963979416809575,0.0,0.07547169811320754,0.0
silence,webrtc_mode_2_evaluated,segment,912,10,1.0,1.0,0.0,1.0,1.0,1.0,1.0,1.0,1.0,0.0
silence,webrtc_mode_2_is_speech,segment,912,10,0.0024598623853211007,0.0,0.005918194805094689,0.0,0.0,0.0,0.012904243119266042,0.0,0.01834862385321101,0.0
silence,webrtc_mode_3_evaluated,segment,912,10,1.0,1.0,0.0,1.0,1.0,1.0,1.0,1.0,1.0,0.0
silence,webrtc_mode_3_is_speech,segment,912,10,0.0,0.0,0.0,0.0,0.0,0.0,0.0,0.0,0.0,0.0
silence,webrtc_assist_open,segment,912,10,0.1053030303030303,0.0,0.16599382089908002,0.0,0.0,0.1590909090909091,0.38749999999999973,0.0,0.5,0.0
silence,webrtc_assist_enter_count,segment,912,10,0.03993606110437944,0.0,0.09208090901121975,0.0,0.0,0.004687500000000001,0.2052016617621601,0.0,0.2830188679245283,0.0
silence,webrtc_assist_exit_count,segment,912,10,0.6325757575757576,0.0,1.041030567948768,0.0,0.0,0.9886363636363636,2.312499999999998,0.0,3.25,0.0
silence,temporal_candidate,segment,912,10,0.2357190909154217,0.11138999480699326,0.3319537915960548,0.0,0.007561063218390805,0.2954545454545454,0.8274999999999996,0.0,1.0,0.0
silence,temporal_qualifying_run,segment,912,10,2.675639753312283,0.7359933067912988,3.9133451639479597,0.0,0.007561063218390805,4.8761363636363635,9.137499999999994,0.0,11.295454545454545,0.0
silence,assisted_confirmation_requirement,segment,912,10,15.0,15.0,0.0,15.0,15.0,15.0,15.0,15.0,15.0,0.0
silence,fallback_confirmation_requirement,segment,912,10,24.0,24.0,0.0,24.0,24.0,24.0,24.0,24.0,24.0,0.0
silence,confirmation_requirement,segment,912,10,23.05227272727273,24.0,1.4939443880917203,20.5125,22.56818181818182,24.0,24.0,19.5,24.0,0.0
whisper,is_speech,segment,588,4,0.011976047904191617,0.0,0.02395209580838324,0.0,0.0,0.011976047904191617,0.040718562874251484,0.0,0.04790419161676647,0.0
whisper,speech_gate_open,segment,588,4,1.0,1.0,0.0,1.0,1.0,1.0,1.0,1.0,1.0,0.0
whisper,comparison_speech_evaluated,segment,588,4,1.0,1.0,0.0,1.0,1.0,1.0,1.0,1.0,1.0,0.0
whisper,comparison_speech_is_speech,segment,588,4,0.7525458705847927,0.7125102375102375,0.1354246130829429,0.646201687534023,0.6681341861731083,0.7969219219219219,0.9149399399399398,0.6407185628742516,0.9444444444444444,0.0
whisper,comparison_speech_aggressiveness,segment,588,4,1.0,1.0,0.0,1.0,1.0,1.0,1.0,1.0,1.0,0.0
whisper,is_whisper,segment,588,4,0.6968604764263446,0.6681954273271639,0.09791091612872017,0.6223020625415835,0.6226214238190286,0.74243447993448,0.811549959049959,0.6222222222222222,0.8288288288288288,0.0
whisper,whisper_processed,segment,588,4,1.0,1.0,0.0,1.0,1.0,1.0,1.0,1.0,1.0,0.0
whisper,trigger,segment,588,4,0.007663399654417619,0.007498516480552409,0.002956678557109676,0.004761839956450735,0.005627381600435493,0.009534534534534535,0.010795795795795796,0.004545454545454545,0.011111111111111112,0.0
whisper,stage1_silero_threshold,segment,588,4,,,,,,,,,,1.0
whisper,stage1_silero_low_pass,segment,588,4,,,,,,,,,,1.0
whisper,stage1_enter_count,segment,588,4,,,,,,,,,,1.0
whisper,stage1_exit_count,segment,588,4,,,,,,,,,,1.0
whisper,stage1_candidate,segment,588,4,,,,,,,,,,1.0
whisper,zcr_threshold,segment,588,4,,,,,,,,,,1.0
whisper,zcr_pass,segment,588,4,,,,,,,,,,1.0
whisper,centroid_threshold,segment,588,4,,,,,,,,,,1.0
whisper,centroid_pass,segment,588,4,,,,,,,,,,1.0
whisper,group_a_pass,segment,588,4,,,,,,,,,,1.0
whisper,entropy_threshold,segment,588,4,,,,,,,,,,1.0
whisper,group_b_pass,segment,588,4,,,,,,,,,,1.0
whisper,total_band_energy,segment,588,4,0.4976699091887259,0.4260862461540992,0.39154708741601296,0.16280548606757003,0.19372207945493072,0.7300340758878943,0.932751460558359,0.15507633772072985,0.9834308067259754,0.0
whisper,low_proportion,segment,588,4,0.46707774509420885,0.4565947476380974,0.024779528620438748,0.4515632645540013,0.4522196231671823,0.4714528695651239,0.4972684220729723,0.4513991749007061,0.5037223101999344,0.0
whisper,mid_proportion,segment,588,4,0.4448932394220354,0.4430214043333127,0.031575536792194686,0.4137300713080337,0.4238499593215758,0.46406468443377225,0.4786769766602488,0.4112000993046482,0.4823300497168679,0.0
whisper,high_proportion,segment,588,4,0.08802901540497254,0.0832024857781237,0.02246266193981433,0.0685292662295587,0.07756322968425088,0.09366827149884537,0.11428590605797474,0.06627077536588565,0.11944031469775711,0.0
whisper,low_proportion_threshold,segment,588,4,,,,,,,,,,1.0
whisper,group_c_pass,segment,588,4,,,,,,,,,,1.0
whisper,silero_rolling_median,segment,588,4,,,,,,,,,,1.0
whisper,high_silero_threshold,segment,588,4,,,,,,,,,,1.0
whisper,high_silero_raw,segment,588,4,,,,,,,,,,1.0
whisper,high_silero_count,segment,588,4,,,,,,,,,,1.0
whisper,high_silero_normal_evidence,segment,588,4,,,,,,,,,,1.0
whisper,silero_penalty,segment,588,4,,,,,,,,,,1.0
whisper,group_count,segment,588,4,,,,,,,,,,1.0
whisper,effective_group_score,segment,588,4,,,,,,,,,,1.0
whisper,grouped_v1_raw_is_whisper,segment,588,4,,,,,,,,,,1.0
whisper,stage2_is_whisper,segment,588,4,,,,,,,,,,1.0
whisper,stage2_consecutive_count,segment,588,4,,,,,,,,,,1.0
whisper,legacy_is_whisper,segment,588,4,0.0029940119760479044,0.0,0.00598802395209581,0.0,0.0,0.0029940119760479044,0.010179640718562871,0.0,0.011976047904191617,0.0
whisper,grouped_v1_is_whisper,segment,588,4,0.7831445013331242,0.8075802939575395,0.18537968277564976,0.5739141414141414,0.6917929292929293,0.8989318659977343,0.9581647515779252,0.5444444444444444,0.972972972972973,0.0
whisper,final_trigger,segment,588,4,0.007663399654417619,0.007498516480552409,0.002956678557109676,0.004761839956450735,0.005627381600435493,0.009534534534534535,0.010795795795795796,0.004545454545454545,0.011111111111111112,0.0
whisper,rms,segment,588,4,0.0015666576214610926,0.001393814940691906,0.0007942224385050151,0.0008896876894278976,0.001008268326721881,0.0019522042354311177,0.0024856073065711486,0.0008600425301044018,0.002618958074356157,0.0
whisper,zcr,segment,588,4,0.16899092234418445,0.16833913308323567,0.007217358045872958,0.16259550525986335,0.16304993691452502,0.1742801185128951,0.1762988443938339,0.16248189734619792,0.1768035258640686,0.0
whisper,entropy,segment,588,4,3.6217725559550162,3.6129798466109557,0.04197216011004585,3.5858280242134732,3.5917578308538727,3.642994571712099,3.6700268807782437,3.5843455725533735,3.67678495804478,0.0
whisper,voicing,segment,588,4,0.85089570500128,0.8530925658357893,0.011219176072257349,0.8383840567398451,0.8442982553497557,0.8596900154873137,0.8603317480944019,0.8369055070873674,0.860492181246174,0.0
whisper,hnr,segment,588,4,86.18624712222658,85.39657910505198,5.189581965132107,81.34192248773206,83.27893039545407,88.30389583182449,92.13610698076548,80.85767051080157,93.09415976800072,0.0
whisper,spectral_centroid,segment,588,4,1660.431582624622,1658.8438582690815,30.066135022209753,1630.7745480252584,1639.990615423319,1679.2848254703845,1692.3114313217422,1628.4705311757432,1695.5680827845817,0.0
whisper,band_energy_low,segment,588,4,0.1107790325555437,0.07993806352300774,0.09798108443934077,0.036177557479522365,0.047234126131942264,0.14348296994660917,0.22855786427711527,0.03341341531641739,0.24982658785974188,0.0
whisper,band_energy_mid,segment,588,4,0.3360606676626013,0.28785330727299724,0.2602501251055446,0.11528932940074638,0.13142575347253183,0.4924882214630667,0.6243223104699018,0.11125522338280001,0.6572808327216108,0.0
whisper,band_energy_high,segment,588,4,0.050830208969580785,0.046468543134696956,0.04423409175018684,0.011338599186301184,0.015062199849456543,0.0822365522548212,0.09642815092169774,0.010407699020512343,0.09997605058841688,0.0
whisper,temporal_score,segment,588,4,0.0,0.0,0.0,0.0,0.0,0.0,0.0,0.0,0.0,0.0
whisper,formant_score,segment,588,4,0.0,0.0,0.0,0.0,0.0,0.0,0.0,0.0,0.0,0.0
whisper,low_proportion_std,segment,588,4,0.13898049510265845,0.1401213254424551,0.014950147072740352,0.12255915589520047,0.13429710854521829,0.14480471199989525,0.15380467183440114,0.11962466773269602,0.15605466179302763,0.0
whisper,mid_proportion_std,segment,588,4,0.14555158679252728,0.14406060560658712,0.011730649679395523,0.13442439167570622,0.1382661418759282,0.15134605052318623,0.15876615556966459,0.1334639541256507,0.16062118183128418,0.0
whisper,high_proportion_std,segment,588,4,0.05780758473155008,0.05746187188687078,0.018804659629009488,0.03817564628265101,0.048871167917947635,0.06639828870047323,0.07792352116300019,0.03550176587382685,0.08080482927863193,0.0
whisper,zcr_std,segment,588,4,0.03304040341428649,0.03263415106299719,0.0021008507746919413,0.031166351586952638,0.03202910119548273,0.03364545328180095,0.03548320853342537,0.030950664184820113,0.03594264734633147,0.0
whisper,entropy_std,segment,588,4,0.27640971840687395,0.28480898996844495,0.02729525138915379,0.243934683995457,0.2726209218264126,0.2885977865489062,0.29712577263209156,0.23676312453771808,0.2992577691528879,0.0
whisper,spectral_centroid_std,segment,588,4,135.78019927114588,133.37197222484315,19.19411499053366,117.60816983946769,123.53375663530504,145.61841486068397,157.32374656764793,116.12677314050836,160.25007949438893,0.0
whisper,spectral_flux,segment,588,4,0.005914618676460188,0.005759656902518067,0.0005481751171916592,0.005475346993264657,0.005598485588214841,0.006075789990763416,0.006570836843174689,0.005444562344527111,0.006694598556277508,0.0
whisper,cepstral_peak_prominence,segment,588,4,1.3530670293588167,1.3620132486050343,0.04786664474719185,1.297397128116597,1.3357647266192718,1.3793155513445792,1.3962122236563321,1.2878052284909283,1.4004363917342704,0.0
whisper,spectral_slope,segment,588,4,-0.0008029519820654165,-0.0008081053818371601,2.9938420420081954e-05,-0.0008303346833388992,-0.0008200884493423312,-0.0007909689145602454,-0.0007683545211114931,-0.0008328962418380412,-0.000762700922749305,0.0
whisper,spectral_rolloff,segment,588,4,1828.1799831949531,1813.3433133732533,37.78487731540891,1803.0525525525527,1803.2507507507507,1838.272545817456,1874.0787515877337,1803.0030030030032,1883.0303030303032,0.0
whisper,spectral_flatness,segment,588,4,0.01528441572952808,0.015194102794430214,0.001943407137716949,0.013303807618886495,0.014205340027543747,0.016273178496414548,0.01739146194930668,0.013078424516722182,0.017671032812529713,0.0
whisper,temporal_v1_window_full,segment,588,4,1.0,1.0,0.0,1.0,1.0,1.0,1.0,1.0,1.0,0.0
whisper,temporal_v1_silero_median,segment,588,4,0.0487236904407299,0.057086507662761354,0.0329747059963175,0.010243173555422511,0.03318633017157715,0.07262386793191411,0.07549626321519325,0.004507384401383852,0.07621436203601303,0.0
whisper,temporal_v1_low_proportion_std,segment,588,4,0.13898049510265845,0.1401213254424551,0.014950147072740352,0.12255915589520047,0.13429710854521829,0.14480471199989525,0.15380467183440114,0.11962466773269602,0.15605466179302763,0.0
whisper,temporal_v1_raw_is_whisper,segment,588,4,0.6968604764263446,0.6681954273271639,0.09791091612872017,0.6223020625415835,0.6226214238190286,0.74243447993448,0.811549959049959,0.6222222222222222,0.8288288288288288,0.0
whisper,temporal_v1_is_whisper,segment,588,4,0.6968604764263446,0.6681954273271639,0.09791091612872017,0.6223020625415835,0.6226214238190286,0.74243447993448,0.811549959049959,0.6222222222222222,0.8288288288288288,0.0
whisper,temporal_v1_qualifying_run,segment,588,4,12.954454726909816,12.566666666666666,6.730938876395941,6.445449101796407,8.10748502994012,17.413636363636364,20.006363636363638,6.029940119760479,20.654545454545456,0.0
whisper,webrtc_mode_0_evaluated,segment,588,4,1.0,1.0,0.0,1.0,1.0,1.0,1.0,1.0,1.0,0.0
whisper,webrtc_mode_0_is_speech,segment,588,4,0.7581732521852281,0.7147829647829648,0.12978716929485976,0.6621529667936853,0.676034295046271,0.7969219219219219,0.9149399399399398,0.6586826347305389,0.9444444444444444,0.0
whisper,webrtc_mode_1_evaluated,segment,588,4,1.0,1.0,0.0,1.0,1.0,1.0,1.0,1.0,1.0,0.0
whisper,webrtc_mode_1_is_speech,segment,588,4,0.7525458705847927,0.7125102375102375,0.1354246130829429,0.646201687534023,0.6681341861731083,0.7969219219219219,0.9149399399399398,0.6407185628742516,0.9444444444444444,0.0
whisper,webrtc_mode_2_evaluated,segment,588,4,1.0,1.0,0.0,1.0,1.0,1.0,1.0,1.0,1.0,0.0
whisper,webrtc_mode_2_is_speech,segment,588,4,0.6854510675618459,0.6356060606060605,0.13224937668311623,0.5945740337506804,0.6016126837234621,0.7194444444444444,0.846111111111111,0.592814371257485,0.8777777777777778,0.0
whisper,webrtc_mode_3_evaluated,segment,588,4,1.0,1.0,0.0,1.0,1.0,1.0,1.0,1.0,1.0,0.0
whisper,webrtc_mode_3_is_speech,segment,588,4,0.0,0.0,0.0,0.0,0.0,0.0,0.0,0.0,0.0,0.0
whisper,webrtc_assist_open,segment,588,4,0.749067119650952,0.7483005733005732,0.1529840602062745,0.6125707675557975,0.6197400653238976,0.8776276276276276,0.8866366366366366,0.6107784431137725,0.8888888888888888,0.0
whisper,webrtc_assist_enter_count,segment,588,4,0.6121774264738337,0.6204545454545455,0.18981841335464977,0.41959459459459464,0.47635135135135137,0.7562806205770278,0.7931722917800762,0.40540540540540543,0.8023952095808383,0.0
whisper,webrtc_assist_exit_count,segment,588,4,0.5013289555205723,0.48764289602612954,0.3328087964675997,0.1598989898989899,0.35505050505050506,0.6339213464961968,0.8619194044343744,0.1111111111111111,0.918918918918919,0.0
whisper,temporal_candidate,segment,588,4,0.6968604764263446,0.6681954273271639,0.09791091612872017,0.6223020625415835,0.6226214238190286,0.74243447993448,0.811549959049959,0.6222222222222222,0.8288288288288288,0.0
whisper,temporal_qualifying_run,segment,588,4,12.954454726909816,12.566666666666666,6.730938876395941,6.445449101796407,8.10748502994012,17.413636363636364,20.006363636363638,6.029940119760479,20.654545454545456,0.0
whisper,assisted_confirmation_requirement,segment,588,4,15.0,15.0,0.0,15.0,15.0,15.0,15.0,15.0,15.0,0.0
whisper,fallback_confirmation_requirement,segment,588,4,24.0,24.0,0.0,24.0,24.0,24.0,24.0,24.0,24.0,0.0
whisper,confirmation_requirement,segment,588,4,17.258395923141432,17.265294840294843,1.3768565418564707,16.02027027027027,16.101351351351354,18.42233941208492,18.486863091997822,16.0,18.50299401197605,0.0
