# Generated from translation/events.npy; do not hand-edit.
# Source SHA-256: e71e0317828fd01cc253b7ecbe5a09ae10dfdfe9525ba3ca39fce69154da0a9e
# Converter version: 1
time_ms,channel,duration_ms
0,2,150
38,5,150
333,4,150
339,3,150
798,1,150
4451,2,150
4662,5,150
4924,4,150
5026,3,150
5390,0,150
5895,1,150
8398,2,150
8764,5,150
9493,4,150
9832,3,150
10372,1,150
10590,2,150
10780,5,150
10865,4,150
10879,3,150
11602,2,150
11718,5,150
11735,0,150
11838,4,150
11891,3,150
12023,1,150
12953,5,150
13081,2,150
13374,4,150
13549,3,150
14607,1,150
14682,5,150
14979,2,150
15245,4,150
15332,3,150
15925,5,150
16615,2,150
16849,4,150
16914,1,150
17027,3,150
17126,0,150
17470,5,150
18780,2,150
19053,4,150
19221,3,150
19296,5,150
19660,1,150
20816,2,150
21161,5,150
21163,4,150
21307,3,150
22519,1,150
23073,2,150
23178,0,150
23192,5,150
23416,4,150
23534,3,150
25229,5,150
25363,2,150
25602,1,150
25790,4,150
25932,3,150
27303,5,150
27800,2,150
28218,4,150
28325,3,150
28501,1,150
28907,0,150
28923,5,150
29092,2,150
29294,4,150
29311,3,150
29800,5,150
30037,1,150
30084,2,150
30195,4,150
30242,3,150
30729,5,150
31326,2,150
31343,4,150
31459,3,150
31883,5,150
31918,1,150
32097,0,150
32537,4,150
32557,2,150
32591,3,150
32818,5,150
33314,1,150
33448,4,150
33499,3,150
33548,2,150
33687,5,150
34574,4,150
34635,0,150
34692,3,150
34729,5,150
34848,2,150
34898,1,150
36060,5,150
36130,4,150
36250,3,150
36467,2,150
37052,1,150
37370,5,150
37647,4,150
37751,3,150
38020,2,150
38429,0,150
38556,5,150
38750,1,150
38846,4,150
38883,3,150
39108,2,150
39459,5,150
39805,4,150
39815,3,150
40050,1,150
40125,2,150
40367,5,150
40892,4,150
40955,3,150
41127,0,150
41456,2,150
41470,5,150
41799,1,150
42290,4,150
42363,3,150
42690,5,150
42944,2,150
43901,4,150
44015,1,150
44040,3,150
44128,5,150
44943,2,150
45623,0,150
45945,5,150
46060,4,150
46165,3,150
46958,1,150
47022,2,150
47685,5,150
48062,4,150
48106,3,150
48852,2,150
49255,5,150
49524,1,150
49534,0,150
49667,3,150
49688,4,150
50251,2,150
50522,5,150
50931,3,150
50980,4,150
51498,1,150
51567,2,150
51736,5,150
51978,0,150
52230,3,150
52289,4,150
52885,2,150
52972,5,150
53499,1,150
53507,3,150
53586,4,150
54231,5,150
54233,2,150
54391,0,150
54871,3,150
54974,4,150
55418,1,150
55530,5,150
55613,2,150
56189,3,150
56312,4,150
56636,0,150
56815,5,150
56993,2,150
57301,1,150
57594,3,150
57755,4,150
58201,5,150
58460,2,150
58841,0,150
58935,3,150
59087,1,150
59098,4,150
59419,5,150
59646,2,150
60083,3,150
60313,4,150
60640,5,150
60807,1,150
60859,0,150
61004,2,150
61584,3,150
61862,4,150
62092,5,150
62488,2,150
62666,1,150
62999,3,150
63108,0,150
63267,4,150
63439,5,150
64017,2,150
64696,3,150
64862,1,150
65112,4,150
65191,5,150
66036,2,150
66159,0,150
66790,3,150
67170,5,150
67278,4,150
67571,1,150
68053,2,150
68749,3,150
69025,5,150
69103,0,150
69270,4,150
69745,1,150
69885,2,150
70614,3,150
70805,5,150
71149,4,150
71596,2,150
71719,0,150
71857,1,150
72251,3,150
72414,5,150
73007,4,150
73508,2,150
74447,1,150
74457,3,150
74521,5,150
74715,0,150
75356,4,150
75640,2,150
76398,5,150
76467,3,150
76993,1,150
77705,4,150
77948,2,150
77969,0,150
78905,5,150
79229,3,150
80168,1,150
80410,2,150
80421,4,150
81134,5,150
81789,0,150
81906,3,150
83587,2,150
83937,4,150
84209,1,150
84467,5,150
85382,3,150
85997,0,150
86327,2,150
86890,4,150
87007,5,150
87315,1,150
87708,3,150
88245,2,150
88648,0,150
88673,5,150
88748,4,150
89415,1,150
89467,3,150
90028,2,150
90451,5,150
90752,4,150
91521,3,150
91962,1,150
92005,0,150
92220,2,150
92657,5,150
93767,4,150
94605,3,150
95053,2,150
95205,1,150
95493,5,150
95758,0,150
96338,4,150
96726,3,150
96955,2,150
97258,5,150
97375,1,150
98408,4,150
98657,3,150
98766,0,150
98818,2,150
99081,5,150
99519,1,150
99917,4,150
99994,3,150
100083,2,150
100273,5,150
100553,0,150
100768,1,150
100931,4,150
100979,3,150
101088,2,150
101280,5,150
102029,4,150
102085,3,150
102092,1,150
102286,2,150
102431,5,150
102503,0,150
104078,4,150
104169,3,150
104526,2,150
104568,5,150
104822,1,150
106515,0,150
107402,3,150
107438,4,150
107641,2,150
107753,5,150
108653,1,150
111294,2,150
111389,3,150
111596,4,150
111631,0,150
111728,5,150
112881,1,150
114461,2,150
114735,3,150
115056,4,150
115071,5,150
115977,0,150
116294,1,150
117099,2,150
117917,3,150
118335,5,150
118574,4,150
120668,2,150
120969,1,150
121257,0,150
121376,3,150
121601,5,150
121718,4,150
122464,2,150
122814,1,150
122954,3,150
123224,5,150
123389,4,150
124278,0,150
124298,2,150
125331,3,150
125579,1,150
125780,5,150
126444,4,150
127172,2,150
127962,3,150
128220,5,150
128520,0,150
128661,1,150
128740,4,150
129178,2,150
129941,3,150
130210,5,150
130742,4,150
130932,1,150
131032,2,150
131790,0,150
131970,3,150
132257,5,150
133018,4,150
133119,2,150
133389,1,150
134375,3,150
134772,5,150
135842,0,150
135973,2,150
136233,4,150
137357,1,150
138417,3,150
139049,5,150
140308,2,150
141287,4,150
142898,1,150
143084,0,150
143533,3,150
144270,5,150
144453,2,150
146150,4,150
148500,1,150
148777,3,150
149015,2,150
149719,5,150
150503,0,150
151334,4,150
153488,2,150
153885,1,150
154037,3,150
155056,5,150
156525,4,150
158249,2,150
158477,0,150
159705,1,150
159840,3,150
161094,5,150
161977,4,150
162863,2,150
164619,3,150
164917,1,150
166216,5,150
166491,0,150
166923,4,150
167177,2,150
171186,3,150
171787,1,150
172495,2,150
172668,4,150
172744,5,150
174533,3,150
175238,2,150
175301,1,150
175420,5,150
175453,0,150
175831,4,150
179408,3,150
179911,2,150
180665,5,150
180969,1,150
181175,4,150
184715,2,150
184887,3,150
185061,0,150
185645,5,150
185845,4,150
185928,1,150
187206,2,150
187339,3,150
187718,5,150
187956,4,150
188480,1,150
189427,2,150
189708,3,150
190014,5,150
190790,4,150
191672,0,150
192773,1,150
193094,2,150
193848,5,150
193986,3,150
195019,4,150
197275,2,150
198038,1,150
198297,5,150
198910,3,150
199481,4,150
200536,0,150
200710,2,150
201305,5,150
201487,1,150
201677,3,150
202124,4,150
202817,2,150
203126,5,150
203438,3,150
203632,1,150
203817,4,150
204298,2,150
204473,5,150
204792,3,150
205162,4,150
205297,1,150
205613,0,150
205663,2,150
205721,5,150
206195,3,150
206625,4,150
207086,5,150
207101,1,150
207111,2,150
207471,3,150
207751,4,150
208011,2,150
208025,5,150
208233,3,150
208254,1,150
208517,4,150
208697,0,150
208784,5,150
208823,2,150
208964,3,150
209257,4,150
209338,1,150
209550,5,150
209652,2,150
209722,3,150
210065,4,150
210388,5,150
210526,1,150
210631,2,150
210659,3,150
211076,4,150
211464,5,150
211685,0,150
212018,2,150
212050,3,150
212318,1,150
212644,4,150
212981,5,150
214022,2,150
214165,3,150
214900,4,150
214983,5,150
215037,1,150
215944,2,150
216122,3,150
216592,5,150
216704,4,150
216965,0,150
217331,1,150
217572,2,150
217763,3,150
218001,5,150
218297,4,150
219327,2,150
219620,3,150
219650,5,150
219871,1,150
220362,4,150
221286,2,150
221452,5,150
221626,3,150
222017,0,150
222355,1,150
222364,4,150
223061,2,150
223090,5,150
223458,3,150
224301,4,150
224736,1,150
224768,5,150
224861,2,150
225342,3,150
226286,4,150
226326,0,150
226524,5,150
226680,2,150
227139,3,150
227194,1,150
228061,4,150
228117,5,150
228312,2,150
228817,3,150
229494,0,150
229557,1,150
229787,5,150
229916,4,150
230099,2,150
230658,3,150
231557,5,150
231927,4,150
232139,2,150
232143,1,150
232766,3,150
232914,0,150
233532,5,150
234111,4,150
234279,2,150
234727,1,150
234784,3,150
235359,5,150
236142,4,150
236240,0,150
236294,2,150
236981,3,150
237471,1,150
237494,5,150
238587,4,150
238605,2,150
239341,3,150
239637,0,150
239694,5,150
240178,1,150
240772,2,150
240865,4,150
241421,3,150
241584,5,150
242495,0,150
242714,1,150
242944,2,150
243111,4,150
243882,3,150
243889,5,150
245149,2,150
245192,1,150
245332,0,150
245362,4,150
245536,3,150
245613,5,150
246119,2,150
246224,4,150
246344,1,150
246374,3,150
246513,5,150
246591,0,150
247153,2,150
247233,4,150
247492,3,150
247673,5,150
247889,1,150
248687,2,150
248699,0,150
248788,4,150
248893,3,150
249070,5,150
249294,1,150
249558,2,150
249632,4,150
249660,3,150
249780,0,150
249885,5,150
250366,2,150
250383,3,150
250387,4,150
250430,1,150
250713,5,150
251288,0,150
251371,4,150
251407,3,150
251453,2,150
251882,5,150
252116,1,150
253172,4,150
253242,3,150
253278,2,150
253801,5,150
253829,0,150
254392,1,150
255094,2,150
255107,4,150
255118,3,150
255621,5,150
256168,0,150
256831,1,150
257261,2,150
257434,3,150
257438,4,150
257991,5,150
259131,0,150
259806,2,150
259813,1,150
260214,3,150
260263,4,150
260766,5,150
262459,0,150
262622,2,150
263013,1,150
263194,3,150
263335,4,150
263679,5,150
264386,2,150
264709,3,150
264785,0,150
264861,4,150
265039,5,150
265186,1,150
265702,2,150
266326,3,150
266672,4,150
266689,5,150
267900,0,150
268301,2,150
268578,1,150
269354,5,150
269608,3,150
270130,4,150
271855,0,150
271855,2,150
272631,1,150
272648,5,150
273203,3,150
273733,4,150
274390,2,150
274670,0,150
275001,5,150
275252,3,150
275256,1,150
275897,4,150
276835,2,150
277981,5,150
278161,0,150
278701,3,150
279369,1,150
279657,4,150
280251,2,150
281790,5,150
282882,0,150
283266,3,150
284281,4,150
284348,1,150
284606,2,150
285733,5,150
286257,3,150
286273,0,150
286703,4,150
286803,2,150
287152,1,150
287362,5,150
287609,3,150
287938,4,150
288005,2,150
288045,0,150
288430,5,150
288568,3,150
288659,1,150
288983,4,150
289057,2,150
289473,5,150
289706,3,150
289944,0,150
290215,4,150
290375,2,150
290450,1,150
290774,5,150
291062,3,150
291690,4,150
291921,2,150
292169,5,150
292473,3,150
292708,1,150
292835,0,150
292991,4,150
293329,2,150
293353,5,150
293917,3,150
294737,4,150
295084,5,150
295416,2,150
295586,1,150
296266,3,150
296899,0,150
297048,4,150
297060,5,150
297572,2,150
298819,3,150
299042,1,150
299627,5,150
300082,4,150
300780,2,150
302902,3,150
303060,0,150
303530,5,150
304067,1,150
304529,4,150
305175,2,150
308760,3,150
309159,5,150
310116,4,150
310278,1,150
310468,2,150
311513,0,150
314976,3,150
315067,5,150
316008,4,150
316292,2,150
316731,1,150
319853,5,150
320081,3,150
320472,2,150
320594,4,150
320825,0,150
322391,1,150
325255,5,150
325350,2,150
325467,3,150
325525,4,150
326597,1,150
327647,5,150
327678,2,150
327908,3,150
327998,0,150
328019,4,150
329070,1,150
329562,2,150
329613,5,150
329744,3,150
329829,4,150
330580,2,150
330704,5,150
330755,3,150
330872,4,150
330897,1,150
331908,0,150
332206,2,150
332335,5,150
332750,3,150
332956,4,150
334241,1,150
335386,2,150
335648,5,150
336825,3,150
336906,4,150
339941,1,150
340111,2,150
340173,0,150
340477,5,150
340774,3,150
340797,4,150
341427,2,150
341880,5,150
342048,3,150
342158,4,150
342214,1,150
343202,2,150
344159,5,150
344721,3,150
345320,4,150
346764,0,150
346898,1,150
347375,2,150
349390,5,150
349700,3,150
350930,4,150
351955,2,150
352737,1,150
353046,3,150
353168,5,150
354145,4,150
354255,2,150
354696,3,150
354800,5,150
355082,1,150
355263,0,150
355312,2,150
355372,4,150
355753,5,150
355758,3,150
356571,2,150
356756,4,150
357003,5,150
357200,1,150
357264,3,150
358777,2,150
358883,5,150
359423,4,150
359818,3,150
361088,1,150
361383,5,150
361582,2,150
362327,3,150
362414,4,150
362745,0,150
363457,5,150
363784,2,150
364388,1,150
364506,3,150
365020,4,150
365679,5,150
366323,2,150
366898,3,150
367707,1,150
367753,4,150
367799,5,150
368387,2,150
368736,3,150
369292,5,150
369464,4,150
369751,0,150
369776,1,150
369938,2,150
370187,3,150
370635,5,150
371055,4,150
371600,2,150
371856,3,150
371988,1,150
372241,5,150
373457,4,150
374040,2,150
374218,3,150
374443,5,150
375673,1,150
376927,4,150
377131,0,150
377250,2,150
377314,3,150
377513,5,150
378753,1,150
378874,2,150
378892,3,150
378985,4,150
379112,5,150
379216,0,150
379352,2,150
379361,3,150
379454,1,150
379478,4,150
379639,5,150
379783,3,150
379783,2,150
379896,4,150
380024,0,150
380074,5,150
380135,1,150
380203,3,150
380214,2,150
380306,4,150
380499,5,150
380623,3,150
380648,2,150
380715,4,150
380856,1,150
380923,5,150
380934,0,150
381055,3,150
381122,2,150
381135,4,150
381348,5,150
381596,3,150
381618,4,150
381800,2,150
381822,1,150
381831,5,150
382356,4,150
382391,3,150
382556,5,150
382950,2,150
383578,1,150
383675,4,150
383777,5,150
383787,3,150
383915,0,150
384695,2,150
385406,5,150
385533,4,150
385646,3,150
386388,1,150
386721,2,150
387246,5,150
387741,4,150
387784,3,150
389414,2,150
389804,5,150
389893,0,150
390133,1,150
390699,3,150
390929,4,150
392675,2,150
392810,5,150
394024,3,150
394692,4,150
394785,1,150
395746,5,150
395763,2,150
396249,0,150
396448,3,150
396993,4,150
397561,5,150
397754,2,150
397920,1,150
398444,3,150
399257,4,150
399611,5,150
399985,2,150
400432,0,150
400518,3,150
401036,1,150
401299,4,150
401382,5,150
401948,2,150
402564,3,150
403509,5,150
403757,4,150
404340,2,150
404360,1,150
404586,0,150
404868,3,150
405733,5,150
406305,4,150
406681,2,150
407168,3,150
407370,1,150
407842,5,150
408223,0,150
408472,4,150
408594,2,150
409066,3,150
409730,5,150
409913,1,150
410869,4,150
410912,2,150
411382,3,150
411959,0,150
412022,5,150
412815,1,150
413227,2,150
413390,4,150
413701,3,150
414447,5,150
415915,0,150
415966,2,150
416040,1,150
416153,4,150
416153,3,150
416482,5,150
417254,2,150
417329,3,150
417338,4,150
417716,5,150
418261,1,150
418723,0,150
418963,2,150
419014,3,150
419080,4,150
419329,5,150
421220,1,150
421434,3,150
421496,2,150
421762,5,150
421764,4,150
422523,0,150
423984,3,150
424166,2,150
424342,1,150
424357,5,150
424637,4,150
426017,0,150
426484,3,150
426769,2,150
426906,5,150
427487,4,150
427551,1,150
429403,3,150
429807,2,150
429958,5,150
430199,0,150
430869,4,150
431338,1,150
432417,3,150
433144,2,150
433368,5,150
434760,4,150
434990,0,150
435150,1,150
435325,3,150
435681,2,150
435852,5,150
436704,4,150
437153,3,150
437559,1,150
437782,5,150
437856,2,150
438494,0,150
439955,4,150
440208,3,150
441141,5,150
441145,2,150
441705,1,150
443396,3,150
443434,0,150
443571,4,150
444328,2,150
444354,5,150
444585,1,150
444896,3,150
445068,4,150
445073,0,150
445078,2,150
445283,5,150
445411,3,150
445548,1,150
445624,2,150
445625,4,150
445852,5,150
445927,3,150
446037,0,150
446157,4,150
446171,2,150
446421,5,150
446494,3,150
446691,1,150
446694,4,150
446978,2,150
447112,5,150
447164,0,150
447170,3,150
447369,4,150
447375,1,150
447413,2,150
447537,3,150
447564,0,150
447657,5,150
447744,2,150
447754,4,150
447868,3,150
447939,1,150
447965,0,150
448024,5,150
448049,2,150
448070,4,150
448188,3,150
448348,5,150
448354,2,150
448366,0,150
448375,4,150
448502,1,150
448507,3,150
448660,2,150
448660,5,150
448678,4,150
448826,3,150
448965,2,150
448973,5,150
448982,4,150
449005,0,150
449146,3,150
449266,1,150
449285,5,150
449286,4,150
449338,2,150
449469,3,150
449602,5,150
449603,4,150
449843,2,150
449904,3,150
449930,5,150
449967,4,150
450295,1,150
450349,5,150
450527,4,150
450586,3,150
450773,2,150
450974,0,150
451032,5,150
451737,4,150
451936,3,150
452240,5,150
452329,1,150
452345,2,150
453215,4,150
453512,3,150
453572,5,150
454149,2,150
454812,0,150
454960,1,150
455296,4,150
455527,5,150
455680,3,150
456558,2,150
457592,4,150
457691,5,150
457827,1,150
457849,3,150
458655,2,150
458932,0,150
459960,5,150
460001,4,150
460251,3,150
461100,1,150
461418,2,150
462933,5,150
463132,4,150
463249,3,150
464511,0,150
464869,2,150
465446,1,150
466744,5,150
466945,3,150
467035,4,150
467775,2,150
468287,1,150
468538,5,150
468586,3,150
468713,4,150
468827,0,150
469123,2,150
469691,5,150
469702,3,150
469811,4,150
469863,1,150
470209,2,150
470852,5,150
470936,3,150
471082,4,150
471977,2,150
472066,1,150
472167,0,150
472868,5,150
473195,3,150
473457,4,150
474287,2,150
474866,1,150
474873,5,150
475218,3,150
475498,4,150
476322,2,150
476731,5,150
477109,3,150
477212,0,150
477411,4,150
477793,1,150
478164,2,150
478372,5,150
478867,3,150
479082,4,150
479602,2,150
479626,5,150
479685,1,150
480105,3,150
480206,4,150
480829,5,150
480936,0,150
481115,2,150
481807,3,150
481818,4,150
481864,1,150
482520,5,150
483221,2,150
483866,4,150
483921,3,150
484445,5,150
484550,1,150
485325,2,150
485809,4,150
485940,3,150
486208,5,150
486398,0,150
486902,2,150
486916,1,150
487125,4,150
487180,3,150
487355,5,150
487841,2,150
488046,4,150
488054,3,150
488291,5,150
488313,1,150
488882,2,150
489033,4,150
489082,3,150
489311,5,150
489506,0,150
489871,1,150
490144,2,150
490211,4,150
490249,3,150
490409,5,150
490905,2,150
490917,3,150
490960,4,150
491062,1,150
491209,5,150
491587,3,150
491685,2,150
491728,4,150
492025,5,150
492199,0,150
492324,1,150
492579,3,150
492681,4,150
492808,2,150
493055,5,150
493817,3,150
493861,4,150
493882,1,150
494139,2,150
494254,5,150
495198,4,150
495266,3,150
495592,5,150
495633,2,150
495646,1,150
495651,0,150
496485,4,150
496576,3,150
496840,5,150
496960,2,150
497219,1,150
497834,4,150
498098,3,150
498237,5,150
498691,2,150
499458,1,150
499583,4,150
499878,0,150
499956,5,150
499992,3,150
500616,2,150
501327,4,150
501638,5,150
501662,1,150
501882,3,150
502631,2,150
503271,4,150
503457,5,150
504139,3,150
504572,1,150
505320,2,150
505933,4,150
505969,5,150
506053,0,150
507230,3,150
508371,1,150
508522,2,150
508807,5,150
508955,4,150
509697,3,150
510198,2,150
510341,5,150
510377,4,150
510548,1,150
510747,3,150
511215,0,150
511284,5,150
511309,2,150
511339,4,150
511900,3,150
512472,1,150
512634,5,150
512857,4,150
512986,2,150
513487,3,150
513942,5,150
514083,4,150
514314,2,150
514387,1,150
514703,3,150
515052,5,150
515233,4,150
515534,2,150
515640,0,150
515824,3,150
515968,1,150
516115,5,150
516379,4,150
516677,2,150
516913,3,150
517133,5,150
517307,1,150
517516,4,150
517890,2,150
518114,3,150
518183,5,150
519016,4,150
519165,1,150
519569,5,150
519696,2,150
520000,3,150
520067,0,150
521500,4,150
521560,5,150
522210,2,150
522465,1,150
522590,3,150
523896,5,150
524583,4,150
525246,2,150
525680,3,150
526266,1,150
526385,5,150
527174,4,150
527334,0,150
527337,2,150
527561,3,150
527839,5,150
528506,4,150
528671,1,150
528882,2,150
529026,3,150
529184,5,150
530620,4,150
531237,5,150
531290,2,150
531479,3,150
531683,1,150
533653,4,150
533680,5,150
534317,0,150
534318,2,150
534711,3,150
535858,1,150
537162,5,150
537778,4,150
538394,2,150
539243,3,150
541424,1,150
541628,5,150
542770,4,150
543058,2,150
543846,0,150
543848,3,150
544795,5,150
545472,1,150
545670,2,150
545883,4,150
546426,3,150
547120,5,150
548021,2,150
548358,4,150
548609,1,150
548640,3,150
548976,5,150
550277,2,150
551048,4,150
551271,0,150
551347,5,150
551393,3,150
552642,1,150
553950,2,150
554829,5,150
555297,4,150
555491,3,150
557345,2,150
557537,1,150
557833,5,150
558748,4,150
558857,3,150
560502,0,150
560947,2,150
561309,5,150
562748,1,150
562985,4,150
563504,3,150
565147,2,150
565265,5,150
567181,4,150
567845,3,150
568245,1,150
568938,0,150
568985,2,150
569014,5,150
571061,4,150
571276,3,150
571808,5,150
571896,2,150
572542,1,150
573814,0,150
574121,4,150
574164,3,150
574481,5,150
574719,2,150
576252,1,150
576918,3,150
577027,5,150
577108,4,150
577290,2,150
577843,0,150
579419,5,150
579732,3,150
579801,1,150
580052,2,150
580088,4,150
581804,5,150
581997,0,150
582223,3,150
582349,2,150
582720,4,150
583313,1,150
584591,5,150
585314,3,150
585361,2,150
585997,4,150
586104,0,150
586940,1,150
587393,5,150
588158,2,150
588193,3,150
589064,4,150
589648,0,150
590168,5,150
590251,1,150
591008,2,150
591203,3,150
592294,4,150
593205,5,150
593455,0,150
593855,1,150
594066,2,150
594428,3,150
595613,4,150
596547,5,150
597646,2,150
598017,0,150
598246,1,150
598626,3,150
600440,4,150
601339,5,150
601979,2,150
603149,0,150
603250,1,150
603329,3,150
605569,4,150
607299,5,150
607396,2,150
609243,3,150
609337,0,150
609484,1,150
611123,4,150
612012,2,150
612523,5,150
614279,3,150
614480,0,150
614564,1,150
615152,4,150
615661,2,150
616405,5,150
620640,3,150
620956,0,150
621393,4,150
621504,1,150
621854,2,150
624700,5,150
628325,0,150
628931,2,150
629150,1,150
629199,4,150
629541,3,150
633591,5,150
634534,2,150
634894,0,150
634959,4,150
635171,3,150
635230,1,150
636380,5,150
636908,2,150
638015,4,150
639187,3,150
641682,0,150
641830,1,150
643562,2,150
643963,5,150
645371,4,150
645935,3,150
646842,2,150
646937,1,150
647224,5,150
647393,0,150
647592,4,150
647718,3,150
648153,2,150
648524,5,150
648811,1,150
648926,4,150
649066,3,150
649690,2,150
650216,5,150
651203,0,150
651574,4,150
652371,3,150
652765,1,150
653347,2,150
654620,5,150
657619,4,150
659024,2,150
659480,0,150
659534,1,150
659688,3,150
661389,5,150
664661,4,150
666002,2,150
667937,1,150
669988,3,150
669988,0,150
672063,5,150
673054,4,150
674071,2,150
676598,1,150
680510,3,150
681067,4,150
681125,0,150
681451,5,150
681687,2,150
684633,1,150
689555,4,150
690184,2,150
691365,3,150
691821,5,150
692194,1,150
692283,0,150
692822,2,150
692921,4,150
693038,3,150
693238,5,150
693566,1,150
693764,2,150
693960,4,150
694025,3,150
694254,5,150
695065,2,150
695083,1,150
695289,4,150
695406,3,150
695579,5,150
697393,2,150
697618,0,150
697855,3,150
697891,4,150
697958,1,150
698161,5,150
701914,2,150
702241,3,150
702490,4,150
702492,5,150
702777,1,150
703597,2,150
703974,3,150
704099,5,150
704225,4,150
706057,2,150
706350,1,150
706370,5,150
706925,3,150
707023,0,150
707526,4,150
709312,5,150
709706,2,150
711427,1,150
711457,3,150
712272,4,150
713239,5,150
713928,2,150
717146,3,150
717594,0,150
717709,1,150
718106,4,150
718856,5,150
719649,2,150
723011,3,150
723220,5,150
723317,4,150
723670,2,150
723883,1,150
725209,5,150
725411,3,150
725794,4,150
725953,2,150
726287,0,150
726942,5,150
727460,1,150
727485,3,150
727886,4,150
728086,2,150
728686,5,150
730157,3,150
730745,4,150
730843,2,150
730876,5,150
731325,1,150
732303,0,150
732577,3,150
732843,5,150
733205,2,150
733219,4,150
734978,1,150
735068,5,150
735251,3,150
735993,2,150
736208,4,150
738085,5,150
738875,3,150
739015,0,150
739376,2,150
739674,1,150
739967,4,150
740904,5,150
741676,3,150
742010,2,150
742797,4,150
743183,5,150
743838,1,150
744407,3,150
744708,2,150
744762,0,150
745614,4,150
745660,5,150
747053,3,150
747310,2,150
747839,1,150
748215,5,150
748535,4,150
750133,0,150
750267,3,150
750348,2,150
751170,5,150
751575,4,150
751921,1,150
752566,3,150
752600,2,150
753248,5,150
753995,4,150
754459,0,150
754856,2,150
754887,3,150
755306,5,150
755477,1,150
756304,4,150
757356,2,150
757496,3,150
757842,5,150
758912,0,150
759142,4,150
759435,1,150
759667,2,150
759803,3,150
759951,5,150
760504,4,150
760767,2,150
760916,3,150
760945,0,150
761003,5,150
761113,1,150
761593,4,150
761996,2,150
762084,3,150
762121,5,150
763030,1,150
763088,4,150
763421,0,150
763611,5,150
763614,2,150
763652,3,150
764694,4,150
764920,1,150
765002,5,150
765060,3,150
765101,2,150
765444,0,150
766587,4,150
766789,5,150
767073,3,150
767179,2,150
767582,1,150
768428,4,150
768475,0,150
768478,5,150
768640,3,150
768780,2,150
770108,5,150
770190,4,150
770337,1,150
770471,3,150
770738,2,150
771492,0,150
772002,5,150
772259,4,150
772428,3,150
772718,2,150
773144,1,150
774071,0,150
774098,5,150
774620,4,150
774749,3,150
775198,2,150
776536,1,150
776724,5,150
777024,0,150
777335,3,150
777346,4,150
777589,2,150
778690,5,150
779205,1,150
779590,3,150
779706,4,150
779733,0,150
779839,2,150
780999,5,150
782081,3,150
782290,2,150
782387,4,150
782671,1,150
783290,0,150
783649,5,150
784620,3,150
784686,2,150
784972,4,150
785632,1,150
785717,5,150
786528,0,150
786743,3,150
786789,2,150
787406,4,150
788486,5,150
789767,1,150
790733,2,150
791059,3,150
791889,0,150
792134,4,150
793642,5,150
795201,1,150
795309,2,150
795917,3,150
796696,4,150
797142,0,150
797735,5,150
799216,2,150
799712,3,150
799781,1,150
800163,4,150
800578,5,150
801006,0,150
801200,2,150
802036,3,150
802905,4,150
803214,5,150
803573,1,150
804217,2,150
805990,3,150
806417,0,150
807825,4,150
808441,5,150
809503,2,150
809851,1,150
812365,3,150
812924,4,150
812938,0,150
813037,5,150
813295,2,150
814388,3,150
814475,1,150
814961,5,150
815057,4,150
815340,2,150
817148,3,150
817385,0,150
817862,5,150
818325,4,150
818474,2,150
818984,1,150
821386,3,150
822129,5,150
822534,2,150
822819,4,150
824245,0,150
824663,1,150
826674,3,150
827515,5,150
827658,2,150
828440,4,150
831205,1,150
832532,0,150
833196,3,150
833269,2,150
833986,5,150
834435,4,150
837680,1,150
838792,2,150
839588,3,150
840044,5,150
840204,4,150
841240,0,150
842514,2,150
843021,3,150
843239,5,150
843335,1,150
843606,4,150
846730,2,150
848463,5,150
848544,3,150
849404,4,150
850096,0,150
850337,1,150
853837,2,150
857134,4,150
857628,3,150
857717,5,150
858607,1,150
860918,2,150
861466,0,150
863338,4,150
863602,3,150
863652,5,150
865251,1,150
865498,2,150
869258,4,150
869283,3,150
869336,5,150
870011,2,150
870818,1,150
871950,0,150
872093,5,150
872412,4,150
872451,3,150
873619,2,150
876831,1,150
878369,4,150
878509,5,150
879295,3,150
879337,2,150
880365,4,150
880372,1,150
880385,3,150
880435,2,150
880510,0,150
880527,5,150
881318,3,150
881375,4,150
881470,2,150
881643,5,150
881937,1,150
882915,3,150
883050,4,150
883286,2,150
883383,5,150
885610,1,150
887197,3,150
887306,4,150
887453,2,150
887611,5,150
887912,0,150
892586,1,150
893835,4,150
894031,2,150
894894,3,150
895044,5,150
896133,2,150
896177,4,150
896232,3,150
896335,1,150
896360,5,150
896455,0,150
896829,4,150
896856,3,150
896867,2,150
897099,5,150
897481,3,150
897482,4,150
897597,2,150
897606,1,150
897863,5,150
898407,4,150
898482,3,150
898837,2,150
898848,5,150
899548,1,150
899690,0,150
899725,4,150
899801,3,150
899976,5,150
900218,2,150
901052,4,150
901114,5,150
901124,3,150
901618,2,150
901643,1,150
902285,5,150
902422,4,150
902469,3,150
903047,2,150
903496,5,150
903767,1,150
903932,4,150
903982,3,150
904135,0,150
904876,2,150
905106,5,150
906126,3,150
906137,4,150
906897,1,150
907012,2,150
907015,5,150
908387,3,150
908458,4,150
909103,5,150
909474,2,150
910326,0,150
910623,1,150
910972,3,150
911092,4,150
911201,5,150
911484,2,150
912307,3,150
912434,4,150
912475,5,150
912809,1,150
912841,2,150
913804,3,150
913944,5,150
914013,4,150
914226,0,150
914363,2,150
914854,1,150
915059,3,150
915138,5,150
915192,4,150
915677,2,150
916453,5,150
916455,3,150
916641,4,150
917140,1,150
917363,2,150
917693,0,150
918033,5,150
918103,3,150
918315,4,150
918898,2,150
919434,5,150
919537,1,150
919602,3,150
919855,4,150
920456,2,150
920870,5,150
921092,0,150
921127,3,150
921399,4,150
921767,1,150
922192,2,150
922509,5,150
923111,3,150
923567,4,150
924508,2,150
924619,5,150
924704,1,150
924989,3,150
925050,0,150
925244,4,150
925687,2,150
925875,5,150
926162,3,150
926574,4,150
926794,1,150
927329,2,150
927401,5,150
927866,3,150
928105,0,150
928329,4,150
929077,5,150
929151,2,150
929409,1,150
929732,3,150
930335,4,150
930831,5,150
930906,2,150
931130,0,150
931273,3,150
931760,1,150
931880,4,150
932334,5,150
932583,2,150
933106,3,150
934205,4,150
934584,5,150
934708,0,150
935017,2,150
935066,1,150
935600,3,150
937184,4,150
937356,5,150
938035,2,150
938749,3,150
939076,1,150
939625,0,150
939983,5,150
940132,4,150
940725,2,150
941744,3,150
943134,1,150
943369,5,150
943731,4,150
943953,2,150
944235,0,150
945259,3,150
946477,5,150
946688,2,150
946700,4,150
946803,1,150
947446,3,150
947631,0,150
948491,2,150
948550,5,150
948673,4,150
949098,3,150
949352,1,150
949828,2,150
949902,0,150
949922,5,150
949930,4,150
950118,3,150
950490,2,150
950577,4,150
950621,1,150
950656,0,150
950675,5,150
950677,3,150
951079,2,150
951124,4,150
951237,3,150
951291,5,150
951338,0,150
951563,1,150
951670,4,150
951693,2,150
951810,3,150
951907,5,150
952312,4,150
952622,2,150
952673,5,150
952700,3,150
953007,0,150
953454,1,150
953660,4,150
954327,5,150
954345,2,150
954388,3,150
955680,4,150
956514,0,150
956586,5,150
956609,2,150
956719,1,150
956801,3,150
958760,4,150
959670,2,150
959800,5,150
960229,3,150
960926,1,150
961194,0,150
962413,4,150
962985,2,150
963307,5,150
963797,3,150
964906,1,150
965860,4,150
966119,2,150
966178,0,150
966685,5,150
966961,3,150
967493,2,150
967508,4,150
967718,1,150
967733,5,150
967739,3,150
968164,0,150
968250,4,150
968292,2,150
968462,3,150
968546,5,150
969315,4,150
969690,2,150
969829,1,150
969886,5,150
969956,3,150
970409,0,150
970595,4,150
970741,2,150
970815,1,150
970840,3,150
970905,5,150
971024,0,150
971258,4,150
971457,3,150
971461,2,150
971550,1,150
971557,5,150
971639,0,150
971871,4,150
972072,3,150
972181,2,150
972209,5,150
972394,1,150
972518,4,150
972759,0,150
972767,3,150
972890,5,150
973006,2,150
973273,4,150
973391,1,150
973629,3,150
973707,5,150
974219,2,150
974496,4,150
975382,3,150
975419,5,150
975555,1,150
975634,0,150
976517,2,150
976934,4,150
978340,5,150
978419,3,150
979511,1,150
980121,2,150
980836,4,150
981237,0,150
982135,5,150
982407,3,150
983205,2,150
983668,1,150
983993,4,150
985101,5,150
985473,3,150
986998,2,150
987181,0,150
988374,4,150
988915,1,150
989230,5,150
989635,3,150
990248,2,150
991302,4,150
991835,5,150
992051,1,150
992066,3,150
992122,0,150
992838,2,150
994984,4,150
995863,5,150
996910,3,150
997778,1,150
997858,2,150
1000776,0,150
1001148,4,150
1003132,5,150
1004565,3,150
1004895,2,150
1005689,1,150
1008451,4,150
1011767,0,150
1013035,2,150
1013325,5,150
1014061,3,150
1014308,1,150
1015995,4,150
1020567,2,150
1021793,5,150
1022267,1,150
1022341,3,150
1022640,0,150
1022866,4,150
1026779,2,150
1028779,5,150
1029344,4,150
1029622,3,150
1030015,1,150
1033293,2,150
1033598,0,150
1035397,5,150
1035543,4,150
1037102,3,150
1037696,1,150
1040079,2,150
1042790,4,150
1044263,5,150
1045294,0,150
1046457,1,150
1047368,2,150
1047477,3,150
1050357,4,150
1054177,5,150
1054532,2,150
1054653,1,150
1055358,3,150
1055708,4,150
1056085,0,150
1056859,5,150
1057020,2,150
1057892,1,150
1058106,3,150
1058729,4,150
1060002,5,150
1061175,2,150
1064017,3,150
1064066,1,150
1064170,4,150
1064693,5,150
1064819,2,150
1065021,0,150
1065582,3,150
1065761,1,150
1065803,4,150
1066054,5,150
1066248,2,150
1067171,3,150
1067693,4,150
1067830,5,150
1068148,1,150
1068815,2,150
1070614,3,150
1070900,5,150
1071120,4,150
1071625,2,150
1071709,1,150
1071732,0,150
1072201,3,150
1072323,5,150
1072423,4,150
1072559,2,150
1072855,3,150
1072884,1,150
1073049,5,150
1073071,4,150
1073207,2,150
1073415,3,150
1073579,0,150
1073607,4,150
1073631,5,150
1073668,1,150
1073791,2,150
1073943,3,150
1074097,4,150
1074134,5,150
1074376,2,150
1074452,1,150
1074470,3,150
1074587,4,150
1074623,5,150
1074979,2,150
1075004,3,150
1075103,4,150
1075112,5,150
1075225,0,150
1075357,1,150
1075553,3,150
1075605,5,150
1075616,2,150
1075647,4,150
1076106,5,150
1076144,3,150
1076223,4,150
1076356,2,150
1076418,1,150
1076641,5,150
1076785,3,150
1076888,4,150
1077191,2,150
1077210,5,150
1077576,3,150
1077682,4,150
1077689,1,150
1077863,5,150
1078037,0,150
1078330,2,150
1078636,5,150
1078661,3,150
1078803,4,150
1079529,1,150
1079648,5,150
1079782,2,150
1080023,3,150
1080235,4,150
1080733,5,150
1081221,2,150
1081360,3,150
1081400,1,150
1081649,4,150
1081863,5,150
1082482,0,150
1082570,2,150
1082605,3,150
1082911,4,150
1082936,5,150
1083174,1,150
1083787,3,150
1083852,2,150
1084012,5,150
1084145,4,150
1085047,1,150
1085108,3,150
1085179,5,150
1085272,2,150
1085590,4,150
1086461,5,150
1086531,3,150
1086682,0,150
1086739,2,150
1087035,4,150
1087120,1,150
1087622,5,150
1087680,3,150
1087897,2,150
1088070,4,150
1088537,5,150
1088540,3,150
1088617,1,150
1088863,2,150
1088955,4,150
1089367,0,150
1089417,3,150
1089421,5,150
1089884,4,150
1089955,2,150
1090196,1,150
1090438,5,150
1090607,3,150
1091365,4,150
1091541,2,150
1091664,5,150
1092218,3,150
1092596,1,150
1092947,0,150
1093035,5,150
1093187,4,150
1093370,2,150
1094146,3,150
1094667,5,150
1095351,4,150
1095465,2,150
1095576,1,150
1096217,3,150
1096485,5,150
1096869,0,150
1097233,2,150
1097253,4,150
1097678,3,150
1097715,1,150
1097831,5,150
1098475,4,150
1098495,2,150
1098819,3,150
1098875,0,150
1098941,5,150
1099420,1,150
1099768,4,150
1099887,2,150
1100237,3,150
1100278,5,150
1101504,4,150
1101518,2,150
1101587,0,150
1101648,1,150
1101719,3,150
1101758,5,150
1102500,4,150
1102560,2,150
1102619,3,150
1102730,5,150
1103028,1,150
1103354,0,150
1103448,4,150
1103527,3,150
1103579,2,150
1103683,5,150
1104376,4,150
1104389,1,150
1104403,3,150
1104539,2,150
1104610,5,150
1105065,4,150
1105093,3,150
1105288,5,150
1105376,2,150
1105520,0,150
1105696,4,150
1105764,3,150
1105965,5,150
1106016,1,150
1106256,2,150
1106423,4,150
1106563,3,150
1106822,5,150
1107632,2,150
1107749,4,150
1107967,3,150
1108136,5,150
1108426,1,150
1108765,0,150
1109616,2,150
1109779,4,150
1109939,3,150
1109942,5,150
1111439,1,150
1111674,2,150
1111852,5,150
1111943,3,150
1111947,4,150
1112148,0,150
1113534,2,150
1113589,5,150
1113713,3,150
1113802,1,150
1113849,4,150
1114470,0,150
1115080,2,150
1115103,5,150
1115220,3,150
1115554,4,150
1115823,1,150
1116868,5,150
1116958,2,150
1117024,3,150
1117029,0,150
1117412,4,150
1118042,1,150
1118222,5,150
1118322,3,150
1118377,2,150
1118954,4,150
1119949,5,150
1120092,0,150
1120463,3,150
1120692,2,150
1121160,1,150
1121607,4,150
1122308,5,150
1122966,3,150
1123233,2,150
1124062,0,150
1124583,4,150
1124850,1,150
1125055,5,150
1126182,3,150
1126670,2,150
1129035,4,150
1129564,0,150
1129617,5,150
1130403,1,150
1131218,3,150
1131242,2,150
1133697,4,150
1133991,5,150
1134256,0,150
1134445,2,150
1134567,3,150
1134640,1,150
1135350,4,150
1135428,5,150
1135439,2,150
1135458,3,150
1135786,0,150
1135851,4,150
1135967,3,150
1136021,2,150
1136069,5,150
1136139,1,150
1136352,4,150
1136476,3,150
1136603,2,150
1136704,5,150
1136891,4,150
1137150,3,150
1137414,5,150
1137513,0,150
1137681,2,150
1137923,4,150
1138084,1,150
1138708,3,150
1138775,5,150
1139728,2,150
1140080,4,150
1140900,5,150
1141329,3,150
1141668,0,150
1141787,1,150
1142907,2,150
1143602,4,150
1144215,5,150
1144859,3,150
1146006,1,150
1146086,2,150
1146464,0,150
1146715,4,150
1146878,5,150
1147372,3,150
1148081,2,150
1148701,1,150
1148857,5,150
1149030,4,150
1150080,3,150
1151037,0,150
1151193,2,150
1151982,5,150
1152699,4,150
1153456,1,150
1154251,3,150
1155477,2,150
1156243,5,150
1156662,4,150
1156688,0,150
1157340,3,150
1157977,1,150
1158094,2,150
1159617,5,150
1161078,4,150
1163098,3,150
1163277,2,150
1163896,1,150
1164069,0,150
1164960,5,150
1166173,4,150
1168050,2,150
1168906,3,150
1170475,1,150
1173176,5,150
1173442,4,150
1173711,0,150
1175295,2,150
1178005,3,150
1178562,1,150
1179699,4,150
1180056,5,150
1180475,2,150
1182174,3,150
1182336,0,150
1182931,5,150
1182967,4,150
1183031,2,150
1183653,1,150
1184517,3,150
1185983,5,150
1186271,2,150
1186518,4,150
1189595,3,150
1189804,0,150
1190090,1,150
1191645,2,150
1191986,5,150
1192555,4,150
1196935,3,150
1197133,1,150
1197366,2,150
1198900,4,150
1198962,5,150
1200161,0,150
1205158,2,150
1205530,1,150
1206645,4,150
1206863,3,150
1208054,5,150
1210212,2,150
1211649,1,150
1211697,0,150
1211736,4,150
1212021,3,150
1212674,5,150
1213710,2,150
1214247,3,150
1214323,4,150
1214536,5,150
1215166,2,150
1215526,1,150
1216285,3,150
1216684,4,150
1216714,5,150
1218820,2,150
1220715,0,150
1220735,1,150
1220817,3,150
1220860,5,150
1221360,4,150
1223151,2,150
1224855,5,150
1225263,3,150
1225676,1,150
1225695,4,150
1226547,2,150
1227553,5,150
1228224,3,150
1228951,4,150
1229628,1,150
1229887,2,150
1230666,0,150
1231326,5,150
1232563,3,150
1232998,4,150
1233273,2,150
1233781,1,150
1233849,5,150
1234590,3,150
1235122,4,150
1235197,2,150
1235604,5,150
1236732,1,150
1236843,3,150
1237675,2,150
1237726,4,150
1237772,5,150
1238471,0,150
1240137,3,150
1241184,5,150
1241569,2,150
1241577,1,150
1241856,4,150
1244297,3,150
1244698,5,150
1245489,2,150
1245842,4,150
1247077,1,150
1247476,0,150
1247692,5,150
1248022,3,150
1249725,2,150
1250237,4,150
1252160,5,150
1252976,3,150
1253569,1,150
1254478,2,150
1255157,4,150
1256139,0,150
1256739,5,150
1257518,3,150
1259282,2,150
1260168,1,150
1260350,4,150
1262660,5,150
1263349,3,150
1264635,0,150
1264714,2,150
1265379,4,150
1265827,1,150
1265829,3,150
1265875,5,150
1266174,2,150
1266436,4,150
1266964,3,150
1267096,5,150
1268039,2,150
1268674,4,150
1268932,0,150
1269440,1,150
1269965,3,150
1270125,5,150
1271467,2,150
1272436,4,150
1273627,3,150
1273893,5,150
1274203,1,150
1274514,0,150
1275068,2,150
1275828,4,150
1276279,3,150
1276492,5,150
1276663,1,150
1277165,2,150
1278254,4,150
1278598,0,150
1278753,3,150
1278972,5,150
1280058,1,150
1280274,2,150
1282079,4,150
1282406,3,150
1282722,5,150
1283819,0,150
1283889,2,150
1284181,1,150
1285799,4,150
1285889,3,150
1286319,5,150
1287372,2,150
1288149,1,150
1288691,0,150
1289068,3,150
1289206,4,150
1289364,5,150
1290619,2,150
1291796,1,150
1292156,3,150
1292448,4,150
1292461,5,150
1292836,0,150
1293046,2,150
1294193,3,150
1294237,1,150
1294504,5,150
1294642,4,150
1294899,2,150
1295381,0,150
1295647,3,150
1295901,5,150
1296038,1,150
1296112,4,150
1296442,2,150
1297490,3,150
1297854,5,150
1298682,4,150
1298999,0,150
1299218,1,150
1299234,2,150
1300928,3,150
1301511,5,150
1302466,4,150
1302722,2,150
1303075,1,150
1304804,3,150
1304818,0,150
1305952,5,150
1306962,2,150
1307012,4,150
1308136,1,150
1309295,3,150
1310321,5,150
1310743,2,150
1310746,0,150
1311020,4,150
1311872,1,150
1312410,3,150
1313849,5,150
1314152,2,150
1314779,4,150
1316023,3,150
1316279,1,150
1316283,0,150
1318146,5,150
1318297,2,150
1319107,4,150
1319760,3,150
1320145,1,150
1320847,0,150
1321041,2,150
1321197,5,150
1321704,4,150
1321813,3,150
1322139,2,150
1322256,1,150
1322350,5,150
1322386,3,150
1322400,4,150
1322440,0,150
1322659,2,150
1322868,3,150
1322868,4,150
1322912,5,150
1323179,2,150
1323251,1,150
1323321,4,150
1323337,0,150
1323350,3,150
1323440,5,150
1323743,2,150
1323775,4,150
1323863,3,150
1323971,5,150
1324318,4,150
1324494,3,150
1324496,2,150
1324578,5,150
1324636,1,150
1324839,0,150
1324996,4,150
1325168,3,150
1325316,2,150
1325324,5,150
1325687,4,150
1325859,3,150
1326128,5,150
1326262,2,150
1326388,1,150
1326666,4,150
1327057,3,150
1327115,0,150
1327358,5,150
1327930,2,150
1328443,4,150
1328836,3,150
1328898,1,150
1329079,5,150
1329826,2,150
1330193,0,150
1330555,4,150
1331104,3,150
1331278,5,150
1332321,1,150
1332763,2,150
1333644,4,150
1333961,3,150
1334028,5,150
1335352,0,150
1335658,1,150
1335731,2,150
1337150,4,150
1337425,5,150
1337465,3,150
1340215,2,150
1341302,1,150
1342521,4,150
1343112,5,150
1343176,0,150
1343459,3,150
1345556,2,150
1347077,4,150
1347310,5,150
1347683,3,150
1347855,1,150
1349431,2,150
1351245,4,150
1351360,5,150
1351958,3,150
1352005,0,150
1353090,2,150
1353339,1,150
1353672,5,150
1353737,4,150
1353909,3,150
1354488,2,150
1355020,5,150
1355190,4,150
1355272,3,150
1355507,1,150
1356327,2,150
1356826,5,150
1357579,0,150
1357653,4,150
1357783,3,150
1359390,1,150
1359448,2,150
1359638,5,150
1360607,3,150
1360634,4,150
1361754,5,150
1361970,2,150
1363156,1,150
1363357,3,150
1363470,4,150
1364206,5,150
1364624,2,150
1364817,0,150
1365585,3,150
1365779,4,150
1366038,1,150
1366064,5,150
1366605,2,150
1367392,3,150
1367680,5,150
1367700,4,150
1368460,1,150
1368489,2,150
1369216,3,150
1369251,5,150
1369589,4,150
1370684,2,150
1371017,0,150
1371412,5,150
1371683,1,150
1371896,3,150
1372682,4,150
1374652,2,150
1375368,5,150
1376845,3,150
1377773,1,150
1377936,4,150
1380337,2,150
1381026,5,150
1381573,0,150
1381842,3,150
1382546,4,150
1382790,1,150
1384120,2,150
1384957,5,150
1386068,3,150
1386695,4,150
1387454,2,150
1387481,1,150
1387793,5,150
1388858,3,150
1389869,4,150
1390543,5,150
1390602,2,150
1391029,0,150
1392149,1,150
1392308,3,150
1393825,4,150
1393945,5,150
1394714,2,150
1396939,3,150
1397873,1,150
1398253,5,150
1398791,4,150
1399623,2,150
1401746,0,150
1403823,3,150
1404645,5,150
1404998,1,150
1405010,4,150
1405482,2,150
1407087,3,150
1407222,5,150
1407640,4,150
1407672,2,150
1408038,1,150
1409180,5,150
1409528,3,150
1410604,0,150
1410636,2,150
1410771,4,150
1411910,1,150
1411991,5,150
1412226,3,150
1412547,2,150
1412746,4,150
1413320,5,150
1413475,3,150
1413953,1,150
1413977,2,150
1414369,4,150
1414872,5,150
1415388,3,150
1416171,2,150
1416376,0,150
1416884,4,150
1416952,1,150
1417099,5,150
1418222,3,150
1419170,2,150
1419947,5,150
1420228,4,150
1420825,1,150
1421284,3,150
1421888,2,150
1422258,5,150
1422850,4,150
1423337,0,150
1423742,3,150
1423937,1,150
1424446,2,150
1424618,5,150
1425826,4,150
1426562,3,150
1427135,5,150
1427175,2,150
1427466,1,150
1428847,4,150
1429559,3,150
1429861,5,150
1430037,2,150
1430216,0,150
1430661,1,150
1431148,4,150
1431346,3,150
1431440,5,150
1431637,2,150
1432716,1,150
1432755,4,150
1432873,5,150
1432892,3,150
1433303,2,150
1434089,0,150
1434539,5,150
1434660,4,150
1434681,3,150
1434913,1,150
1435071,2,150
1436326,5,150
1436730,3,150
1436824,4,150
1437243,2,150
1437730,1,150
1438496,0,150
1438567,5,150
1439149,3,150
1439360,4,150
1439604,2,150
1440822,5,150
1440890,1,150
1441553,3,150
1441891,4,150
1441931,2,150
1442499,0,150
1442980,5,150
1443525,1,150
1443642,3,150
1443913,2,150
1444018,4,150
1444673,5,150
1445664,3,150
1445890,0,150
1446011,2,150
1446160,1,150
1446271,4,150
1446676,5,150
1447818,3,150
1448020,2,150
1448376,4,150
1448439,1,150
1448467,5,150
1448500,0,150
1449527,3,150
1449725,2,150
1450118,5,150
1450254,4,150
1450602,1,150
1450893,0,150
1451376,3,150
1451542,2,150
1451821,5,150
1452114,4,150
1452723,1,150
1453094,3,150
1453253,2,150
1453315,0,150
1453469,5,150
1454022,4,150
1455052,1,150
1455114,3,150
1455278,2,150
1455399,5,150
1456239,0,150
1456282,4,150
1457676,3,150
1457826,2,150
1457863,5,150
1458229,1,150
1459519,4,150
1460173,0,150
1460685,3,150
1460694,2,150
1460751,5,150
1461440,1,150
1462202,4,150
1463116,5,150
1463165,2,150
1463239,3,150
1463528,0,150
1464858,1,150
1465291,4,150
1466088,5,150
1466118,2,150
1466313,3,150
1467233,0,150
1468228,1,150
1468423,4,150
1469009,2,150
1469024,5,150
1469360,3,150
1470141,0,150
1470460,1,150
1470694,4,150
1470709,2,150
1470795,5,150
1470958,3,150
1472495,1,150
1472569,5,150
1472571,2,150
1472591,0,150
1472721,4,150
1472903,3,150
1474057,2,150
1474074,5,150
1474181,4,150
1474195,3,150
1474527,1,150
1475036,0,150
1475102,2,150
1475114,3,150
1475133,5,150
1475171,4,150
1476528,5,150
1476719,3,150
1476846,4,150
1476856,2,150
1477331,1,150
1478930,0,150
1479076,5,150
1479540,3,150
1479613,2,150
1479809,4,150
1481099,1,150
1482018,5,150
1482353,2,150
1482423,3,150
1482574,0,150
1482722,4,150
1484228,1,150
1484527,5,150
1484824,2,150
1484903,3,150
1485182,4,150
1485486,0,150
1485802,5,150
1486030,2,150
1486038,3,150
1486192,1,150
1486262,4,150
1486972,5,150
1487744,3,150
1487857,2,150
1488337,4,150
1488481,0,150
1489231,1,150
1489496,5,150
1490785,3,150
1490786,2,150
1491782,4,150
1493413,5,150
1493582,0,150
1493913,1,150
1495177,2,150
1495775,3,150
1496967,4,150
1499187,5,150
1499752,1,150
1499843,2,150
1500180,0,150
1500536,3,150
1501179,4,150
1502942,5,150
1503920,2,150
1505421,3,150
1506157,1,150
1506280,4,150
1508513,0,150
1508688,5,150
1509034,2,150
1511045,3,150
1511585,4,150
1513255,1,150
1514203,2,150
1514422,5,150
1517160,0,150
1517740,4,150
1517916,3,150
1520492,2,150
1520699,1,150
1521635,5,150
1524332,4,150
1525910,3,150
1526939,2,150
1527248,0,150
1528315,1,150
1530415,5,150
1531219,4,150
1532026,2,150
1532162,3,150
1534156,5,150
1534641,1,150
1535460,4,150
1536786,0,150
1536904,2,150
1537942,3,150
1540897,5,150
1541626,4,150
1542108,1,150
1542947,2,150
1544933,3,150
1545690,5,150
1545708,0,150
1545815,4,150
1545966,2,150
1546475,1,150
1546624,3,150
1547235,5,150
1547690,4,150
1547839,2,150
1549369,3,150
1550903,5,150
1551114,1,150
1552683,4,150
1552880,2,150
1553473,0,150
1557202,3,150
1559071,1,150
1559645,2,150
1560149,4,150
1560228,5,150
1564674,0,150
1565854,3,150
1566657,1,150
1566937,2,150
1567370,4,150
1568682,5,150
1573333,2,150
1573515,3,150
1573608,4,150
1574128,1,150
1575536,0,150
1575578,5,150
1578041,2,150
1578156,4,150
1578249,3,150
1578584,5,150
1578809,1,150
1580049,2,150
1580090,4,150
1580162,3,150
1580236,5,150
1581312,1,150
1581566,5,150
1581601,4,150
1581740,0,150
1581776,3,150
1581826,2,150
1582972,5,150
1583553,4,150
1583756,3,150
1583865,1,150
1583866,2,150
1584264,5,150
1584996,4,150
1585196,3,150
1585421,5,150
1585432,2,150
1585968,1,150
1586538,4,150
1586564,0,150
1586747,5,150
1586801,3,150
1587214,2,150
1588473,5,150
1588749,4,150
1589016,1,150
1589284,3,150
1590016,2,150
1590814,5,150
1591441,4,150
1591666,3,150
1592034,1,150
1592090,2,150
1592335,5,150
1592533,0,150
1592950,4,150
1593189,3,150
1593596,5,150
1593654,2,150
1594208,1,150
1594253,4,150
1594454,3,150
1594671,5,150
1594991,2,150
1595435,4,150
1595634,3,150
1595727,5,150
1596147,1,150
1596259,0,150
1596262,2,150
1596551,4,150
1596770,3,150
1596777,5,150
1597549,2,150
1597698,4,150
1597865,5,150
1597942,3,150
1598076,1,150
1598915,2,150
1598916,4,150
1599014,5,150
1599236,3,150
1599764,0,150
1600343,1,150
1600374,5,150
1600401,4,150
1600517,2,150
1600779,3,150
1601849,5,150
1602012,4,150
1602213,2,150
1602437,3,150
1602795,1,150
1603497,5,150
1603784,0,150
1603837,4,150
1604079,2,150
1604319,3,150
1605421,5,150
1605798,1,150
1606001,4,150
1606228,2,150
1606497,3,150
1607431,5,150
1608190,4,150
1608395,2,150
1608585,0,150
1608723,3,150
1609071,1,150
1609593,5,150
1610471,4,150
1610561,2,150
1610909,3,150
1611644,5,150
1612090,1,150
1612455,2,150
1612467,4,150
1612682,0,150
1612756,3,150
1613279,5,150
1614014,2,150
1614032,4,150
1614262,1,150
1614277,3,150
1614741,5,150
1615575,2,150
1615602,4,150
1615656,0,150
1615837,3,150
1616295,5,150
1616455,1,150
1617230,2,150
1617277,4,150
1617525,3,150
1617954,5,150
1618793,0,150
1618833,1,150
1619065,2,150
1619153,4,150
1619374,3,150
1619699,5,150
1620805,2,150
1620881,4,150
1620982,1,150
1621063,3,150
1621278,5,150
1621955,0,150
1622429,4,150
1622444,2,150
1622721,3,150
1622909,5,150
1624253,1,150
1624892,2,150
1624921,4,150
1625242,3,150
1625265,5,150
1626367,0,150
1627421,2,150
1627551,4,150
1627557,1,150
1627788,5,150
1627958,3,150
1630133,2,150
1630363,4,150
1630399,0,150
1630430,5,150
1630519,3,150
1630537,1,150
1631685,2,150
1631784,4,150
1631825,3,150
1631827,5,150
1632149,1,150
1632224,0,150
1632313,2,150
1632381,3,150
1632413,4,150
1632570,5,150
1632779,2,150
1632826,3,150
1632843,4,150
1633054,5,150
1633083,1,150
1633245,2,150
1633247,4,150
1633263,3,150
1633309,0,150
1633516,5,150
1633652,4,150
1633700,3,150
1633723,2,150
1633979,5,150
1634050,1,150
1634070,4,150
1634190,3,150
1634331,2,150
1634441,5,150
1634556,4,150
1634752,3,150
1634795,0,150
1634971,2,150
1635040,5,150
1635112,4,150
1635277,1,150
1635300,3,150
1635594,2,150
1635621,5,150
1635661,4,150
1635849,3,150
1636203,5,150
1636209,4,150
1636297,2,150
1636520,3,150
1636712,1,150
1636797,0,150
1636931,5,150
1636989,4,150
1637440,2,150
1637556,3,150
1637966,5,150
1638070,4,150
1638525,1,150
1638681,3,150
1638707,2,150
1639017,5,150
1639116,4,150
1639235,0,150
1639701,3,150
1639870,2,150
1640015,1,150
1640045,5,150
1640127,4,150
1640882,3,150
1641227,5,150
1641327,2,150
1641487,4,150
1642137,0,150
1642325,1,150
1642865,3,150
1642975,5,150
1643526,2,150
1643640,4,150
1644342,3,150
1644434,1,150
1644439,5,150
1644682,2,150
1644697,4,150
1644916,0,150
1645204,3,150
1645438,5,150
1645675,4,150
1645788,2,150
1645934,1,150
1646563,3,150
1646725,5,150
1647288,4,150
1647546,2,150
1647779,0,150
1648103,1,150
1648297,5,150
1648345,3,150
1649130,4,150
1649629,2,150
1650308,5,150
1650757,3,150
1651111,1,150
1651747,0,150
1651775,4,150
1652050,2,150
1652316,5,150
1652479,3,150
1652880,4,150
1653187,1,150
1653236,2,150
1653401,5,150
1653606,3,150
1654344,0,150
1654348,4,150
1655297,5,150
1655316,2,150
1655823,3,150
1656152,1,150
1656624,4,150
1657430,5,150
1657778,2,150
1658414,3,150
1658797,0,150
1659597,4,150
1660109,1,150
1660544,5,150
1661262,2,150
1662077,3,150
1663322,4,150
1664084,5,150
1664362,0,150
1664726,2,150
1664799,1,150
1665530,3,150
1666583,4,150
1666975,5,150
1667384,2,150
1667856,3,150
1667993,1,150
1668152,0,150
1668528,4,150
1668804,5,150
1669813,2,150
1670670,3,150
1671712,4,150
1671880,5,150
1672398,1,150
1672689,2,150
1673449,0,150
1673749,3,150
1675169,4,150
1675283,5,150
1676913,2,150
1678366,1,150
1679486,3,150
1680882,4,150
1681378,0,150
1682047,5,150
1683410,2,150
1685551,1,150
1686067,3,150
1686315,4,150
1687258,5,150
1687652,2,150
1689043,0,150
1690013,3,150
1690194,4,150
1690560,1,150
1690761,5,150
1691143,2,150
1693676,3,150
1693872,4,150
1694298,5,150
1695068,2,150
1695655,1,150
1696034,0,150
1697476,3,150
1697649,4,150
1697840,5,150
1698533,2,150
1700820,1,150
1702722,4,150
1702735,5,150
1702959,3,150
1703519,2,150
1704287,0,150
1707062,1,150
1708049,4,150
1708164,5,150
1708671,2,150
1708896,3,150
1712875,1,150
1712967,0,150
1713053,4,150
1713116,5,150
1713162,2,150
1713563,3,150
1715869,5,150
1716196,4,150
1716225,2,150
1717020,1,150
1717131,3,150
1720393,0,150
1720467,5,150
1720647,2,150
1720854,4,150
1721853,3,150
1722515,1,150
1724098,5,150
1724386,2,150
1724808,4,150
1725922,3,150
1727196,1,150
1728571,5,150
1728623,0,150
1729497,2,150
1730334,4,150
1732475,3,150
1733902,1,150
1734538,5,150
1735438,2,150
1736491,4,150
1738659,0,150
1740062,3,150
1741319,1,150
1741546,5,150
1741782,2,150
1742858,4,150
1747810,3,150
1748283,5,150
1748427,2,150
1748468,0,150
1748696,1,150
1749289,4,150
1750819,5,150
1750999,3,150
1751093,2,150
1751686,4,150
1751700,1,150
1752626,5,150
1753435,3,150
1753549,2,150
1754388,0,150
1754761,4,150
1755336,5,150
1755877,1,150
1758191,2,150
1758465,3,150
1759511,4,150
1759581,5,150
1760831,1,150
1761247,2,150
1761507,3,150
1761824,0,150
1761916,5,150
1762260,4,150
1763583,2,150
1763884,3,150
1763922,5,150
1764139,1,150
1764807,4,150
1766076,5,150
1766185,2,150
1766644,3,150
1768042,0,150
1768093,4,150
1768440,1,150
1769186,5,150
1770071,2,150
1771058,3,150
1772291,4,150
1772678,5,150
1774096,2,150
1774764,1,150
1775163,3,150
1776118,5,150
1776571,0,150
1776584,4,150
1778557,2,150
1779729,3,150
1779921,5,150
1780592,4,150
1780627,1,150
1781776,2,150
1782390,0,150
1782618,5,150
1782755,3,150
1783631,4,150
1784766,2,150
1784776,1,150
1785302,5,150
1785809,3,150
1786591,4,150
1787312,2,150
1787350,5,150
1787555,0,150
1788349,3,150
1788687,1,150
1789226,4,150
1789283,5,150
1789843,2,150
1790520,3,150
1790651,5,150
1791217,4,150
1792025,2,150
1792290,5,150
1792318,0,150
1792355,1,150
1792723,3,150
1793518,4,150
1793895,5,150
1794020,2,150
1794385,3,150
1794531,1,150
1794738,0,150
1794770,4,150
1794880,5,150
1794915,2,150
1795047,3,150
1795331,4,150
1795344,1,150
1795381,0,150
1795463,2,150
1795469,5,150
1795549,3,150
1795822,4,150
1795963,5,150
1795991,2,150
1796023,0,150
1796043,3,150
1796090,1,150
1796314,4,150
1796442,5,150
1796519,2,150
1796537,3,150
1796821,4,150
1796920,5,150
1797079,1,150
1797175,3,150
1797193,0,150
1797291,2,150
1797457,4,150
1797471,5,150
1798133,3,150
1798285,5,150
1798479,2,150
1798504,1,150
1798537,4,150
1799273,0,150
1799339,5,150
1799472,3,150
1799985,4,150
1799997,2,150
1800257,1,150
1800608,5,150
1800932,3,150
1801250,0,150
1801444,4,150
1801494,2,150
1801850,5,150
1802088,1,150
1802489,3,150
1803015,4,150
1803123,2,150
1803191,5,150
1803559,0,150
1803683,3,150
1803802,1,150
1804062,4,150
1804167,5,150
1804219,2,150
1804649,3,150
1805100,4,150
1805171,5,150
1805507,2,150
1805523,1,150
1806028,0,150
1806126,3,150
1806706,5,150
1806999,4,150
1807796,2,150
1808648,1,150
1808716,3,150
1809044,5,150
1809871,4,150
1810079,0,150
1810391,2,150
1810935,3,150
1811044,5,150
1811604,4,150
1811950,1,150
1812099,2,150
1812823,5,150
1812952,3,150
1813925,0,150
1814396,4,150
1815296,2,150
1816054,5,150
1816135,1,150
1816326,3,150
1817284,4,150
1817579,0,150
1817673,2,150
1818086,5,150
1818806,3,150
1819039,1,150
1819517,4,150
1819642,2,150
1819860,5,150
1819983,3,150
1820002,0,150
1820329,1,150
1820571,4,150
1820702,2,150
1820966,5,150
1821011,3,150
1822071,4,150
1822177,1,150
1822330,2,150
1822370,0,150
1822430,5,150
1822620,3,150
1823702,4,150
1823915,5,150
1824026,2,150
1824260,3,150
1824519,1,150
1825370,4,150
1825400,5,150
1825499,0,150
1825619,2,150
1825709,3,150
1826057,1,150
1826408,4,150
1826442,5,150
1826567,3,150
1826652,2,150
1827173,1,150
1827275,4,150
1827352,5,150
1827395,3,150
1827683,2,150
1827733,0,150
1828403,4,150
1828417,5,150
1828618,3,150
1828687,1,150
1829289,2,150
1829935,5,150
1830168,4,150
1830417,3,150
1830841,1,150
1831243,2,150
1831255,0,150
1831657,5,150
1832270,4,150
1832505,3,150
1833501,1,150
1833675,2,150
1833861,5,150
1834944,4,150
1835079,3,150
1835226,0,150
1836048,2,150
1836113,5,150
1836413,1,150
1837037,3,150
1837068,4,150
1837479,2,150
1837513,5,150
1837672,0,150
1837903,3,150
1837917,1,150
1837974,4,150
1838407,2,150
1838418,5,150
1838731,3,150
1838873,4,150
1839338,1,150
1839457,5,150
1839655,2,150
1839722,0,150
1840082,3,150
1840311,4,150
1840938,5,150
1841713,2,150
1841788,1,150
1842310,3,150
1842700,4,150
1843083,5,150
1843520,0,150
1844520,2,150
1845216,1,150
1845275,3,150
1845877,4,150
1845935,5,150
1847923,2,150
1849036,0,150
1849098,3,150
1849503,5,150
1849688,4,150
1849924,1,150
1851748,2,150
1852659,5,150
1852898,3,150
1853559,4,150
1854973,1,150
1855345,0,150
1856207,2,150
1856450,5,150
1858364,3,150
1858851,4,150
1861599,1,150
1861964,2,150
1862259,5,150
1863303,0,150
1864363,3,150
1864375,4,150
1866816,2,150
1867270,5,150
1867562,1,150
1869535,4,150
1869887,3,150
1871268,0,150
1872144,2,150
1872888,5,150
1873775,1,150
1874859,4,150
1875387,3,150
1876794,2,150
1877605,5,150
1879189,1,150
1879273,0,150
1879750,4,150
1880586,3,150
1881698,2,150
1882703,5,150
1884346,1,150
1884586,4,150
1884900,3,150
1885147,2,150
1885492,5,150
1885847,0,150
1886586,1,150
1886783,4,150
1886976,3,150
1887243,2,150
1887347,5,150
1889863,4,150
1889973,1,150
1890119,3,150
1890233,5,150
1890569,2,150
1891895,0,150
1893027,5,150
1893329,4,150
1893377,3,150
1893744,2,150
1894335,1,150
1896695,5,150
1898299,4,150
1898573,3,150
1898667,2,150
1899645,1,150
1900288,0,150
1900501,5,150
1901049,2,150
1901071,3,150
1901121,4,150
1901267,1,150
1901561,5,150
1901598,2,150
1901608,3,150
1901700,4,150
1902000,0,150
1902003,1,150
1902127,3,150
1902138,5,150
1902147,2,150
1902200,4,150
1902647,3,150
1902700,4,150
1902712,2,150
1902715,5,150
1902828,1,150
1903229,3,150
1903267,4,150
1903295,5,150
1903440,2,150
1903932,1,150
1904059,3,150
1904063,5,150
1904123,4,150
1904200,0,150
1904667,2,150
1905259,5,150
1905610,3,150
1905749,4,150
1906055,1,150
1906798,2,150
1907102,5,150
1908292,3,150
1908601,4,150
1909821,1,150
1909861,5,150
1910078,2,150
1910213,0,150
1912260,3,150
1912661,4,150
1913625,5,150
1914106,2,150
1914810,1,150
1915842,3,150
1916177,4,150
1916484,5,150
1917099,2,150
1917584,0,150
1919234,3,150
1919337,1,150
1919946,4,150
1920006,5,150
1921357,2,150
1925003,3,150
1925443,4,150
1925654,5,150
1925880,1,150
1926721,0,150
1926969,2,150
1931380,4,150
1931431,3,150
1931561,5,150
1931791,2,150
1931982,1,150
1933879,5,150
1934039,3,150
1934172,4,150
1934261,0,150
1934941,2,150
1937028,1,150
1938106,5,150
1938921,3,150
1938955,4,150
1939398,2,150
1941867,5,150
1942018,0,150
1942620,1,150
1942790,3,150
1942911,4,150
1943120,2,150
1946283,5,150
1948081,2,150
1948090,4,150
1948237,3,150
1949505,1,150
1950526,0,150
1952384,5,150
1953807,2,150
1954161,4,150
1954922,3,150
1957147,1,150
1958756,5,150
1958876,0,150
1959188,2,150
1959698,4,150
1960301,3,150
1962884,1,150
1963260,5,150
1963469,2,150
1964463,4,150
1964616,0,150
1964818,3,150
1966059,5,150
1966098,2,150
1966533,1,150
1967056,4,150
1967451,3,150
1968136,0,150
1969281,5,150
1969398,2,150
1970807,1,150
1970833,4,150
1971129,3,150
1973108,5,150
1973181,2,150
1973431,0,150
1974932,4,150
1975069,3,150
1975235,1,150
1976197,2,150
1976253,5,150
1977100,0,150
1977414,3,150
1977448,4,150
1977935,1,150
1978444,2,150
1978512,5,150
1979882,3,150
1980184,4,150
1980507,0,150
1981073,1,150
1981173,2,150
1981174,5,150
1982507,3,150
1982996,4,150
1983732,5,150
1984001,2,150
1984607,1,150
1984749,0,150
1986120,3,150
1986854,4,150
1987444,5,150
1987624,2,150
1988494,1,150
1989665,0,150
1989705,3,150
1990347,4,150
1990489,2,150
1990554,5,150
1990969,1,150
1991429,3,150
1991959,4,150
1992042,5,150
1992115,2,150
1992274,0,150
1993103,1,150
1993112,3,150
1993765,5,150
1993999,4,150
1994134,2,150
1995897,3,150
1996708,5,150
1996855,1,150
1996912,0,150
1997273,2,150
1997336,4,150
1998770,3,150
1999162,5,150
1999458,2,150
1999571,1,150
1999671,4,150
1999920,0,150
2000404,3,150
2000727,5,150
2001217,2,150
2001639,4,150
2001929,1,150
2002714,3,150
2003030,5,150
2003281,0,150
2003756,2,150
2004429,4,150
2005067,1,150
2005571,3,150
2005705,5,150
2007194,2,150
2008241,0,150
2008497,4,150
2010050,1,150
2010111,3,150
2010405,5,150
2011885,2,150
2013483,4,150
2014386,0,150
2014905,3,150
2015219,1,150
2015365,5,150
2015997,2,150
2018764,4,150
2019537,3,150
2019820,2,150
2019934,5,150
2020059,1,150
2020146,0,150
2021496,4,150
2022560,3,150
2023089,2,150
2023425,5,150
2025037,1,150
2026484,0,150
2027061,4,150
2028181,2,150
2028208,3,150
2028793,5,150
2029259,1,150
2029409,4,150
2029554,3,150
2029591,2,150
2029643,0,150
2030129,5,150
2030687,3,150
2030703,4,150
2030814,2,150
2031147,1,150
2031443,5,150
2032447,3,150
2032549,4,150
2032669,0,150
2032972,2,150
2034363,5,150
2035384,1,150
2036722,3,150
2036939,4,150
2037318,2,150
2039362,0,150
2040089,5,150
2042333,1,150
2043402,4,150
2043546,2,150
2043731,3,150
2048644,0,150
2049903,5,150
2050676,1,150
2051285,4,150
2051364,2,150
2053784,3,150
2058154,2,150
2058233,1,150
2058376,4,150
2058858,0,150
2058974,5,150
2060134,3,150
2062410,2,150
2062823,1,150
2063011,4,150
2063726,5,150
2064388,3,150
2066095,2,150
2067180,4,150
2067222,0,150
2067406,1,150
2067947,5,150
2068319,3,150
2069293,2,150
2070095,4,150
2070277,5,150
2070430,1,150
2070494,3,150
2071384,2,150
2072321,5,150
2072340,4,150
2072555,3,150
2072642,0,150
2072910,1,150
2073463,2,150
2074467,5,150
2074796,4,150
2074932,3,150
2076354,1,150
2076418,2,150
2077045,5,150
2077168,3,150
2077235,4,150
2077676,2,150
2077788,0,150
2078064,1,150
2078179,5,150
2078213,3,150
2078336,4,150
2078769,2,150
2079192,5,150
2079244,3,150
2079401,4,150
2079492,1,150
2080040,2,150
2080407,5,150
2080540,3,150
2080874,4,150
2081245,0,150
2081617,1,150
2082154,2,150
2082537,5,150
2083033,3,150
2083810,4,150
2085856,2,150
2085889,1,150
2086774,5,150
2087484,3,150
2088609,4,150
2088708,0,150
2090731,2,150
2091568,1,150
2092481,5,150
2092982,3,150
2093761,4,150
2094545,2,150
2095617,5,150
2095701,3,150
2096000,1,150
2096262,4,150
2096433,0,150
2096665,2,150
2097328,5,150
2097561,3,150
2098309,4,150
2098698,2,150
2099174,5,150
2099312,1,150
2099807,3,150
2101120,4,150
2101517,2,150
2101781,5,150
2102389,0,150
2102773,3,150
2103404,1,150
2104135,4,150
2104234,2,150
2104349,5,150
2105338,3,150
2106616,5,150
2106696,2,150
2106792,4,150
2107001,1,150
2107797,3,150
2107931,0,150
2108920,5,150
2109144,2,150
2109438,4,150
2110145,3,150
2110481,1,150
2110978,5,150
2111215,2,150
2111611,4,150
2112193,3,150
2112827,0,150
2113198,5,150
2113591,2,150
2113915,1,150
2114221,4,150
2114678,3,150
2115700,5,150
2116199,2,150
2117085,4,150
2117413,3,150
2117607,1,150
2118098,0,150
2118409,5,150
2118788,2,150
2119769,4,150
2119889,3,150
2121058,5,150
2121395,1,150
2121605,2,150
2123135,3,150
2123156,4,150
2123903,0,150
2124161,5,150
2124347,2,150
2125012,1,150
2125146,3,150
2125358,4,150
2125941,5,150
2126107,2,150
2126816,3,150
2127206,4,150
2127329,0,150
2127674,1,150
2127738,5,150
2127990,2,150
2128904,3,150
2129595,4,150
2130056,5,150
2130277,2,150
2130810,1,150
2131047,3,150
2131178,0,150
2131798,4,150
2132118,5,150
2132362,2,150
2133439,3,150
2134229,1,150
2134798,4,150
2135161,5,150
2135223,2,150
2135747,0,150
2136069,3,150
2137095,4,150
2137151,1,150
2137202,2,150
2137293,5,150
2138012,3,150
2139510,2,150
2139548,4,150
2139707,5,150
2139792,0,150
2140090,1,150
2140230,3,150
2141221,2,150
2141351,4,150
2141411,5,150
2141619,3,150
2141894,1,150
2142404,2,150
2142476,4,150
2142579,5,150
2142695,0,150
2142743,3,150
2143723,1,150
2143987,2,150
2144108,4,150
2144143,5,150
2144276,3,150
2145101,0,150
2145256,2,150
2145281,1,150
2145370,3,150
2145382,4,150
2145414,5,150
2146171,2,150
2146222,3,150
2146285,5,150
2146287,4,150
2146485,1,150
2146673,0,150
2147254,3,150
2147268,5,150
2147355,2,150
2147368,4,150
2148431,1,150
2148930,3,150
2148943,5,150
2149102,2,150
2149158,4,150
2149239,0,150
2150108,1,150
2150197,3,150
2150324,5,150
2150454,2,150
2150527,4,150
2151440,3,150
2151473,0,150
2151657,5,150
2151959,2,150
2152005,4,150
2152149,1,150
2153319,3,150
2153654,5,150
2154159,2,150
2154321,4,150
2155064,1,150
2155099,0,150
2155736,3,150
2156123,5,150
2156565,2,150
2156839,4,150
2158131,1,150
2158226,3,150
2158781,5,150
2159188,2,150
2159235,0,150
2159632,4,150
2160808,3,150
2161322,5,150
2161367,1,150
2161541,2,150
2162003,4,150
2163021,3,150
2163140,0,150
2163574,5,150
2163697,2,150
2164145,4,150
2164445,1,150
2164672,3,150
2165245,5,150
2165630,2,150
2166283,4,150
2166957,3,150
2166973,0,150
2167704,5,150
2168204,2,150
2168207,1,150
2169093,4,150
2169898,3,150
2170882,5,150
2171271,2,150
2171654,0,150
2172078,1,150
2172232,4,150
2172780,3,150
2173962,5,150
2174487,2,150
2176152,4,150
2177024,1,150
2177332,3,150
2177577,0,150
2179493,2,150
2179722,5,150
2180765,4,150
2181279,3,150
2181331,1,150
2182265,0,150
2182288,2,150
2182640,5,150
2183157,4,150
2183347,3,150
2183611,1,150
2183955,2,150
2184252,5,150
2184843,4,150
2184956,0,150
2185005,3,150
2186285,1,150
2186336,2,150
2186752,5,150
2187983,4,150
2188156,3,150
2189135,2,150
2189370,0,150
2189480,5,150
2189721,1,150
2190016,3,150
2190078,4,150
2191331,2,150
2191661,5,150
2192816,3,150
2193066,4,150
2193942,1,150
2194358,0,150
2194660,2,150
2195196,5,150
2196274,3,150
2196665,4,150
2198445,2,150
2198529,1,150
2199367,5,150
2200599,0,150
2200750,3,150
2201255,4,150
2202263,2,150
2202561,1,150
2202956,5,150
2203446,3,150
2204003,4,150
2204806,2,150
2205159,0,150
2205677,5,150
2205695,1,150
2206333,3,150
2207406,4,150
2208457,2,150
2210103,5,150
2210969,1,150
2211116,3,150
2211939,0,150
2212545,4,150
2213441,2,150
2214552,5,150
2214851,3,150
2215285,1,150
2215678,4,150
2215938,2,150
2217192,5,150
2217674,0,150
2217742,3,150
2219129,4,150
2219277,1,150
2219345,2,150
2220978,5,150
2221735,3,150
2224103,4,150
2224403,2,150
2225221,0,150
2225384,1,150
2227268,5,150
2227948,3,150
2229594,4,150
2229658,2,150
2231108,1,150
2233448,5,150
2233593,0,150
2233764,3,150
2234391,2,150
2234555,4,150
2235319,1,150
2236113,5,150
2236197,3,150
2236611,2,150
2236799,4,150
2237307,3,150
2237338,1,150
2237385,5,150
2237676,2,150
2237688,0,150
2237755,4,150
2238293,3,150
2238452,5,150
2239031,2,150
2239066,1,150
2239081,4,150
2239832,3,150
2240014,5,150
2240924,2,150
2241065,4,150
2241382,1,150
2241946,3,150
2241979,0,150
2242092,5,150
2242721,2,150
2242870,4,150
2242995,3,150
2243159,5,150
2243167,1,150
2243473,2,150
2243541,4,150
2243619,0,150
2243667,3,150
2243858,5,150
2244218,4,150
2244229,2,150
2244354,3,150
2244425,1,150
2244567,5,150
2245012,4,150
2245191,3,150
2245202,2,150
2245390,5,150
2246187,0,150
2246210,1,150
2246264,4,150
2246542,3,150
2246706,5,150
2246785,2,150
2248549,4,150
2248884,3,150
2248908,5,150
2249330,2,150
2249426,1,150
2251916,4,150
2252059,0,150
2252193,5,150
2252312,3,150
2252986,2,150
2254167,1,150
2254830,4,150
2254863,3,150
2254927,5,150
2255119,2,150
2255890,4,150
2255895,3,150
2255913,1,150
2255975,5,150
2256183,0,150
2256304,2,150
2256950,3,150
2256974,5,150
2256982,4,150
2257292,1,150
2257523,2,150
2258029,5,150
2258087,3,150
2258161,4,150
2258835,2,150
2258864,1,150
2259093,0,150
2259173,5,150
2259358,3,150
2259537,4,150
2260671,2,150
2260755,5,150
2261338,1,150
2261431,3,150
2261792,4,150
2263329,5,150
2263660,2,150
2264578,3,150
2264952,0,150
2265044,4,150
2265324,1,150
2266832,5,150
2267513,2,150
2268559,3,150
2269022,4,150
2270240,1,150
2270268,5,150
2271550,2,150
2272121,3,150
2272181,0,150
2272377,4,150
2272779,5,150
2273873,2,150
2273889,1,150
2274312,3,150
2274614,4,150
2274661,5,150
2276381,2,150
2276898,5,150
2276915,3,150
2277392,4,150
2277485,1,150
2277814,0,150
2279683,2,150
2279826,5,150
2280217,3,150
2280860,4,150
2282261,1,150
2283609,5,150
2283760,2,150
2284243,3,150
2284738,4,150
2285223,0,150
2287115,5,150
2287530,1,150
2287809,2,150
2288293,3,150
2288752,4,150
2290018,5,150
2290738,2,150
2290962,3,150
2291304,1,150
2291315,4,150
2291418,0,150
2291717,5,150
2292402,2,150
2292481,3,150
2292881,4,150
2293012,5,150
2293702,1,150
2293938,3,150
2293973,2,150
2294399,5,150
2294505,4,150
2294985,0,150
2295715,3,150
2295833,2,150
2296062,5,150
2296372,1,150
2296397,4,150
2297448,3,150
2297653,2,150
2297726,5,150
2298237,4,150
2298353,0,150
2298795,1,150
2298992,3,150
2299196,5,150
2299219,2,150
2299742,4,150
2300403,3,150
2300563,5,150
2300806,2,150
2301028,1,150
2301030,0,150
2301417,4,150
2302126,3,150
2302199,5,150
2302545,2,150
2303061,4,150
2303236,1,150
2303505,3,150
2303575,5,150
2303819,0,150
2304044,2,150
2304656,4,150
2305124,5,150
2305209,3,150
2305751,1,150
2306123,2,150
2306876,4,150
2307223,5,150
2307538,3,150
2307690,0,150
2308718,2,150
2309052,1,150
2309590,4,150
2309808,5,150
2310132,3,150
2310965,2,150
2311475,4,150
2311490,0,150
2311535,1,150
2311542,5,150
2311622,3,150
2312029,2,150
2312324,4,150
2312349,3,150
2312370,5,150
2312410,1,150
2312467,0,150
2312651,2,150
2312823,1,150
2312851,0,150
2312882,3,150
2312903,4,150
2312994,5,150
2313023,2,150
2313126,1,150
2313136,0,150
2313273,3,150
2313308,4,150
2313347,2,150
2313422,0,150
2313429,1,150
2313453,5,150
2313605,3,150
2313647,4,150
2313650,2,150
2313708,0,150
2313732,1,150
2313837,5,150
2313903,3,150
2313945,4,150
2313953,2,150
2313993,0,150
2314035,1,150
2314188,5,150
2314197,3,150
2314238,4,150
2314256,2,150
2314399,0,150
2314399,1,150
2314491,3,150
2314516,5,150
2314524,4,150
2314559,2,150
2314785,3,150
2314810,4,150
2314845,5,150
2314870,2,150
2314875,1,150
2315082,3,150
2315096,4,150
2315100,0,150
2315173,5,150
2315222,2,150
2315381,4,150
2315417,3,150
2315473,1,150
2315502,5,150
2315666,2,150
2315705,4,150
2315842,3,150
2315857,5,150
2316097,4,150
2316174,0,150
2316263,5,150
2316282,2,150
2316300,1,150
2316436,3,150
2316678,4,150
2316781,5,150
2317184,2,150
2317250,3,150
2317421,1,150
2317500,5,150
2317521,4,150
2317985,0,150
2318125,3,150
2318179,2,150
2318316,5,150
2318417,4,150
2318588,1,150
2319058,3,150
2319206,5,150
2319247,2,150
2319413,4,150
2319868,1,150
2320106,0,150
2320169,3,150
2320263,5,150
2320515,2,150
2320608,4,150
2321357,1,150
2321433,3,150
2321503,5,150
2321884,2,150
2321913,4,150
2322217,0,150
2322805,3,150
2322859,5,150
2322979,1,150
2323253,2,150
2323254,4,150
2323749,3,150
2323828,5,150
2324116,4,150
2324150,0,150
2324184,2,150
2324378,1,150
2324555,3,150
2324589,5,150
2324932,4,150
2325154,2,150
2325449,5,150
2325516,3,150
2326190,4,150
2326241,1,150
2326737,2,150
2326765,0,150
2326826,5,150
2327162,3,150
2327986,4,150
2328502,5,150
2328570,2,150
2328749,1,150
2328940,3,150
2329764,4,150
2329990,0,150
2330219,5,150
2330410,2,150
2330848,3,150
2331381,1,150
2331936,4,150
2332382,5,150
2332784,2,150
2333373,3,150
2333969,0,150
2334892,4,150
2334938,1,150
2335316,5,150
2336023,2,150
2336925,3,150
2338666,4,150
2338964,0,150
2339068,5,150
2339315,1,150
2339849,2,150
2341169,3,150
2343054,4,150
2343731,5,150
2344230,2,150
2344610,1,150
2345229,0,150
2345957,3,150
2347496,4,150
2348074,5,150
2348380,2,150
2350032,1,150
2350924,3,150
2351788,0,150
2352184,4,150
2352659,2,150
2352710,5,150
2354199,1,150
2354244,3,150
2354858,4,150
2354894,2,150
2355050,5,150
2356694,0,150
2356750,3,150
2358163,2,150
2358279,4,150
2358506,5,150
2358787,1,150
2361497,3,150
2362145,2,150
2362410,4,150
2362588,5,150
2362963,0,150
2362977,1,150
2363759,3,150
2363945,2,150
2364150,4,150
2364188,5,150
2364702,1,150
2364719,3,150
2364921,2,150
2365062,0,150
2365194,5,150
2365221,4,150
2365795,3,150
2366145,2,150
2366427,5,150
2366498,1,150
2366542,4,150
2367965,3,150
2368635,2,150
2368893,5,150
2369241,4,150
2369297,0,150
2370248,1,150
2371271,3,150
2372144,2,150
2372559,5,150
2373228,4,150
2375214,1,150
2375481,0,150
2375599,3,150
2375977,2,150
2376489,5,150
2377042,4,150
2378461,3,150
2378505,1,150
2378677,2,150
2379066,5,150
2379738,4,150
2380437,0,150
2381692,3,150
2381888,2,150
2382384,1,150
2382414,5,150
2383669,4,150
2385812,2,150
2385831,3,150
2386187,0,150
2386594,5,150
2387017,1,150
2387489,4,150
2388358,2,150
2388506,3,150
2388947,5,150
2389887,4,150
2389931,1,150
2390543,0,150
2390703,2,150
2390875,3,150
2391255,5,150
2392675,4,150
2393438,1,150
2393819,2,150
2394114,3,150
2394571,5,150
2396133,4,150
2396412,0,150
2396889,2,150
2397112,3,150
2397383,5,150
2397848,1,150
2399741,4,150
2401161,2,150
2401720,3,150
2401954,5,150
2403372,1,150
2403818,0,150
2404324,4,150
2405482,2,150
2406259,5,150
2406341,3,150
2409425,4,150
2409518,1,150
2411150,2,150
2412609,5,150
2412678,0,150
2413000,3,150
2415614,4,150
2417101,1,150
2417446,2,150
2419782,5,150
2420445,3,150
2421571,4,150
2421689,0,150
2423112,2,150
2423665,1,150
2425506,5,150
2426534,3,150
2427006,4,150
2428417,2,150
2429988,0,150
2430237,1,150
2431502,5,150
2432490,4,150
2432681,3,150
2433659,2,150
2437159,1,150
2437536,5,150
2438164,4,150
2438462,0,150
2439399,2,150
2439488,3,150
2444782,4,150
2445020,1,150
2445265,5,150
2446393,2,150
2448652,3,150
2448740,0,150
2451293,4,150
2452299,2,150
2452528,5,150
2452757,1,150
2454512,3,150
2456534,4,150
2457368,2,150
2458175,0,150
2458415,5,150
2459504,1,150
2460647,3,150
2461754,4,150
2462172,2,150
2463830,5,150
2466088,3,150
2466308,1,150
2466823,4,150
2466972,2,150
2467680,0,150
2469041,5,150
2470647,3,150
2470923,2,150
2471095,4,150
2471851,1,150
2472430,5,150
2473895,2,150
2473903,3,150
2474422,4,150
2474824,0,150
2475774,5,150
2476155,1,150
2476687,2,150
2476785,3,150
2477050,4,150
2477450,5,150
2477725,3,150
2477735,2,150
2477892,4,150
2478205,5,150
2478565,3,150
2478718,4,150
2478748,2,150
2479102,5,150
2479581,1,150
2479624,0,150
2480063,3,150
2480278,4,150
2480461,2,150
2480742,5,150
2482218,3,150
2482425,4,150
2482469,2,150
2482692,1,150
2482693,5,150
2483111,0,150
2483387,3,150
2483518,2,150
2483537,4,150
2483668,5,150
2484379,3,150
2484523,4,150
2484546,2,150
2484611,5,150
2484666,1,150
2486000,3,150
2486237,4,150
2486247,5,150
2486447,2,150
2486751,0,150
2488711,1,150
2488991,3,150
2489190,5,150
2489264,4,150
2489393,2,150
2491220,0,150
2491841,3,150
2492024,5,150
2492117,2,150
2492161,4,150
2492419,1,150
2496350,2,150
2496402,3,150
2496591,0,150
2496638,4,150
2496747,5,150
2497788,1,150
2499692,2,150
2499938,3,150
2500141,4,150
2500278,5,150
2501389,0,150
2501932,1,150
2502969,2,150
2503372,3,150
2503555,4,150
2503659,5,150
2505079,1,150
2505477,0,150
2505527,2,150
2506123,3,150
2506367,4,150
2506393,5,150
2508646,2,150
2508661,1,150
2509392,3,150
2509638,4,150
2509642,5,150
2509953,0,150
2511112,2,150
2511734,1,150
2512085,3,150
2512313,5,150
2512381,4,150
2513100,0,150
2513157,2,150
2513468,1,150
2513478,3,150
2513623,5,150
2513635,4,150
2514008,2,150
2514289,3,150
2514300,0,150
2514475,5,150
2514479,4,150
2514635,1,150
2515040,2,150
2515515,3,150
2515756,5,150
2515884,4,150
2516408,1,150
2516460,0,150
2516539,2,150
2517204,3,150
2517413,5,150
2517769,4,150
2518663,2,150
2518987,1,150
2519441,3,150
2519485,0,150
2519603,5,150
2519895,4,150
2520293,2,150
2520716,1,150
2521056,3,150
2521114,5,150
2521562,0,150
2521583,4,150
2522079,2,150
2523426,5,150
2523506,3,150
2523508,1,150
2524282,4,150
2524858,2,150
2525717,0,150
2526531,5,150
2526690,3,150
2527374,1,150
2527497,4,150
2527826,2,150
2528668,5,150
2528677,3,150
2529018,4,150
2529085,2,150
2529167,0,150
2529501,1,150
2529760,5,150
2529764,3,150
2530168,4,150
2530273,2,150
2531122,5,150
2531418,3,150
2532225,4,150
2532366,1,150
2532470,2,150
2532721,0,150
2533553,5,150
2533943,3,150
2534408,4,150
2534467,2,150
2534984,5,150
2535341,1,150
2535416,3,150
2535957,4,150
2536054,2,150
2536479,0,150
2536485,5,150
2537864,3,150
2538683,4,150
2538764,2,150
2538928,5,150
2539110,1,150
2540413,3,150
2541249,4,150
2541279,2,150
2541284,5,150
2541833,0,150
2543334,1,150
2543587,3,150
2544194,5,150
2544389,2,150
2544426,4,150
2548416,3,150
2548639,0,150
2548959,5,150
2549323,2,150
2549385,4,150
2549434,1,150
2552582,3,150
2552654,2,150
2552821,5,150
2552848,4,150
2553108,1,150
2553401,3,150
2553450,0,150
2553460,2,150
2553556,5,150
2553560,4,150
2554113,3,150
2554208,2,150
2554297,4,150
2554307,5,150
2554787,1,150
2555405,3,150
2555511,5,150
2555691,2,150
2555742,4,150
2557043,0,150
2557746,5,150
2557873,3,150
2558130,1,150
2558253,2,150
2558354,4,150
2560806,5,150
2561069,3,150
2561304,2,150
2561561,4,150
2562019,0,150
2562471,1,150
2564306,5,150
2565016,3,150
2565081,2,150
2565578,4,150
2567202,1,150
2567671,0,150
2568097,5,150
2568861,2,150
2569207,3,150
2569723,4,150
2573272,1,150
2573620,5,150
2574265,2,150
2574992,0,150
2575264,4,150
2575496,3,150
2579908,5,150
2580186,1,150
2580246,2,150
2580800,4,150
2581468,3,150
2583018,0,150
2584507,5,150
2585197,2,150
2586024,4,150
2586545,1,150
2587340,3,150
2588435,5,150
2588524,2,150
2588893,0,150
2588912,4,150
2589453,1,150
2589639,3,150
2590249,2,150
2590277,5,150
2590487,4,150
2590666,3,150
2591101,1,150
2591119,5,150
2591179,2,150
2591368,4,150
2591527,3,150
2591582,0,150
2592008,5,150
2592308,2,150
2592499,4,150
2592857,3,150
2592958,1,150
2593452,5,150
2594469,2,150
2594742,4,150
2595425,3,150
2595800,5,150
2596010,0,150
2596468,1,150
2597603,2,150
2598067,4,150
2599149,5,150
2599275,3,150
2601388,1,150
2601814,2,150
2602359,4,150
2602764,0,150
2603442,5,150
2604169,3,150
2606960,2,150
2607490,1,150
2607619,4,150
2609205,5,150
2610667,3,150
2611059,0,150
2612355,2,150
2612882,4,150
2613938,1,150
2614159,5,150
2615265,3,150
2615994,2,150
2616504,4,150
2616980,5,150
2617995,0,150
2618104,1,150
2619175,3,150
2620031,2,150
2620893,4,150
2621518,5,150
2623960,1,150
2624427,3,150
2624740,2,150
2625709,0,150
2625743,4,150
2626441,5,150
2628154,2,150
2628191,3,150
2628533,1,150
2628720,4,150
2628903,5,150
2629971,2,150
2630069,3,150
2630405,0,150
2630617,5,150
2630681,4,150
2631510,1,150
2632510,2,150
2632785,3,150
2633091,5,150
2633653,4,150
2635201,2,150
2635579,3,150
2635603,5,150
2635688,0,150
2635698,1,150
2636382,4,150
2637482,2,150
2637797,5,150
2637935,3,150
2638967,4,150
2639436,1,150
2640324,0,150
2640389,2,150
2640747,5,150
2641145,3,150
2642119,4,150
2643119,2,150
2643288,1,150
2643419,5,150
2643747,3,150
2644286,0,150
2644392,4,150
2644799,2,150
2645063,5,150
2645183,1,150
2645272,3,150
2645847,4,150
2646146,2,150
2646404,5,150
2646606,0,150
2646625,3,150
2646896,1,150
2647359,4,150
2647751,2,150
2648033,5,150
2648474,3,150
2649377,1,150
2649389,4,150
2649537,0,150
2649684,2,150
2649989,5,150
2650407,3,150
2651400,4,150
2651587,2,150
2651632,1,150
2651869,5,150
2651935,0,150
2652140,3,150
2652815,4,150
2652849,2,150
2653059,1,150
2653111,5,150
2653238,3,150
2653560,0,150
2653724,4,150
2653764,2,150
2653968,5,150
2654048,3,150
2654364,1,150
2654633,4,150
2654750,2,150
2654933,5,150
2655123,3,150
2655436,0,150
2656069,4,150
2656225,2,150
2656351,1,150
2656413,5,150
2656701,3,150
2658070,4,150
2658247,0,150
2658288,2,150
2658464,5,150
2658941,3,150
2659034,1,150
2660348,4,150
2660432,2,150
2660651,5,150
2660767,0,150
2661019,3,150
2661251,1,150
2662113,2,150
2662165,4,150
2662421,5,150
2662836,3,150
2663012,0,150
2663470,1,150
2664273,2,150
2664440,4,150
2664694,5,150
2665141,3,150
2665863,0,150
2666024,1,150
2666334,2,150
2666618,4,150
2666831,5,150
2667270,3,150
2668207,2,150
2668371,1,150
2668543,4,150
2668558,0,150
2668697,5,150
2669054,3,150
2670099,2,150
2670696,4,150
2670851,5,150
2671068,1,150
2671528,3,150
2671975,0,150
2672869,2,150
2673828,4,150
2674000,5,150
2674833,1,150
2675001,3,150
2675936,0,150
2676161,2,150
2677694,4,150
2678212,5,150
2679406,3,150
2679613,1,150
2680548,2,150
2680970,0,150
2682555,4,150
2683978,5,150
2684913,3,150
2685232,1,150
2685265,2,150
2686093,0,150
2687289,4,150
2689312,5,150
2689511,2,150
2689854,3,150
2690911,1,150
2691548,0,150
2692647,4,150
2694622,2,150
2695582,3,150
2695603,5,150
2696371,1,150
2697242,0,150
2697606,4,150
2699621,2,150
2702126,3,150
2702418,5,150
2702697,1,150
2703299,4,150
2703310,0,150
2704340,2,150
2707639,3,150
2708413,5,150
2708860,4,150
2708964,1,150
2710157,2,150
2710312,0,150
2715481,4,150
2715647,3,150
2716636,2,150
2716814,1,150
2717574,5,150
2718237,0,150
2720698,4,150
2721409,2,150
2721553,3,150
2722794,5,150
2722840,1,150
2724970,0,150
2725728,4,150
2726233,2,150
2727176,3,150
2729295,5,150
2730184,1,150
2732653,4,150
2733236,2,150
2734389,0,150
2737312,3,150
2739137,1,150
2739881,5,150
2740075,4,150
2740316,2,150
2743756,3,150
2743929,0,150
2744361,2,150
2744407,1,150
2744458,4,150
2744555,5,150
2745816,3,150
2747137,2,150
2747828,4,150
2748260,5,150
2750332,1,150
2753105,3,150
2753787,2,150
2754868,4,150
2758287,5,150
2759159,1,150
2762153,2,150
2762897,0,150
2763039,4,150
2763300,3,150
2765296,1,150
2765611,5,150
2766333,2,150
2767582,4,150
2768268,3,150
2771712,1,150
2771759,2,150
2771914,5,150
2772305,0,150
2772702,4,150
2772884,3,150
2773452,2,150
2773591,5,150
2773808,4,150
2773858,3,150
2773926,1,150
2774465,2,150
2774472,5,150
2774854,4,150
2774928,3,150
2775275,0,150
2775996,1,150
2776002,5,150
2776249,2,150
2776907,4,150
2777104,3,150
2778479,5,150
2778824,2,150
2779461,1,150
2779714,4,150
2779966,3,150
2781392,0,150
2781533,5,150
2782116,2,150
2782828,4,150
2782897,3,150
2783153,1,150
2783431,5,150
2783720,2,150
2784349,4,150
2784416,3,150
2784979,5,150
2785653,0,150
2785764,2,150
2786094,1,150
2786908,4,150
2787090,3,150
2787447,5,150
2788601,2,150
2789461,1,150
2789802,4,150
2789918,5,150
2789942,3,150
2791112,0,150
2791695,2,150
2793440,5,150
2793790,4,150
2794066,1,150
2794262,3,150
2796335,2,150
2798798,5,150
2799035,4,150
2799160,0,150
2799996,3,150
2800203,1,150
2801336,2,150
2803382,4,150
2803391,5,150
2804151,3,150
2804792,2,150
2805056,1,150
2805923,0,150
2806933,5,150
2806988,4,150
2807931,3,150
2808315,2,150
2809679,1,150
2810228,5,150
2810409,4,150
2811006,3,150
2811094,2,150
2812858,0,150
2813084,5,150
2813177,1,150
2813556,4,150
2814378,2,150
2814528,3,150
2816898,5,150
2817171,4,150
2817462,2,150
2817553,1,150
2817662,3,150
2819042,5,150
2819670,4,150
2820260,0,150
2820332,2,150
2820713,3,150
2821587,1,150
2821712,5,150
2821927,4,150
2822041,2,150
2822203,3,150
2823049,5,150
2823335,4,150
2823489,2,150
2823707,3,150
2824191,1,150
2824806,0,150
2825145,5,150
2825688,4,150
2825864,2,150
2826207,3,150
2827203,1,150
2827391,5,150
2827816,4,150
2827825,2,150
2828176,3,150
2829226,0,150
2829384,5,150
2829645,1,150
2829687,2,150
2829787,4,150
2829947,3,150
2830648,5,150
2830789,2,150
2830819,1,150
2830884,4,150
2830964,3,150
2831103,0,150
2831625,5,150
2831883,2,150
2831954,4,150
2832036,3,150
2832192,1,150
2832997,5,150
2833157,0,150
2833336,2,150
2833427,4,150
2833492,3,150
2833929,1,150
2834481,5,150
2834733,2,150
2834883,3,150
2834887,4,150
2835067,0,150
2835350,1,150
2835849,5,150
2836100,2,150
2836276,3,150
2836321,4,150
2836957,1,150
2837082,0,150
2837337,5,150
2837527,2,150
2837699,3,150
2837778,4,150
2838359,1,150
2838629,5,150
2838715,0,150
2838763,2,150
2838891,3,150
2839010,4,150
2839629,1,150
2839772,5,150
2839898,2,150
2839994,3,150
2840130,4,150
2840357,0,150
2840909,5,150
2841075,1,150
2841140,2,150
2841234,3,150
2841443,4,150
2842411,0,150
2842439,5,150
2842592,2,150
2842646,1,150
2842663,3,150
2842865,4,150
2843604,5,150
2843845,3,150
2843878,2,150
2844063,4,150
2844160,1,150
2844243,0,150
2845151,5,150
2845500,3,150
2845589,2,150
2845784,4,150
2846285,1,150
2846770,0,150
2846799,5,150
2847252,3,150
2847444,2,150
2847661,4,150
2849262,1,150
2849329,5,150
2849786,3,150
2849866,2,150
2849897,0,150
2850051,4,150
2850670,5,150
2850728,3,150
2850750,1,150
2850820,2,150
2850925,4,150
2851144,0,150
2851429,5,150
2851508,3,150
2851687,4,150
2851693,2,150
2851927,1,150
2852260,5,150
2852425,3,150
2852727,4,150
2852877,0,150
2852879,2,150
2853663,5,150
2854043,1,150
2854067,3,150
2854509,4,150
2854814,2,150
2855775,5,150
2856196,0,150
2856254,3,150
2856688,4,150
2856861,1,150
2856874,2,150
2857693,5,150
2858015,3,150
2858484,4,150
2858622,2,150
2859181,0,150
2859429,1,150
2859762,5,150
2860350,3,150
2861003,4,150
2861061,2,150
2861706,1,150
2861717,0,150
2861747,5,150
2861962,3,150
2862318,2,150
2862475,4,150
2863164,5,150
2863262,1,150
2863329,3,150
2863491,0,150
2863666,2,150
2863854,4,150
2864345,5,150
2864515,3,150
2864969,2,150
2865021,1,150
2865134,4,150
2865744,0,150
2865803,5,150
2866194,3,150
2867030,2,150
2867323,4,150
2868235,1,150
2868337,5,150
2869021,3,150
2869819,2,150
2869828,0,150
2870217,4,150
2871339,5,150
2872469,3,150
2872542,1,150
2873286,2,150
2873964,4,150
2874769,0,150
2875728,5,150
2876344,3,150
2876613,2,150
2877082,4,150
2877253,1,150
2878030,5,150
2879085,3,150
2879666,2,150
2880111,0,150
2880941,4,150
2882067,1,150
2882357,5,150
2882686,3,150
2882713,2,150
2883464,4,150
2883952,0,150
2884423,5,150
2884849,2,150
2884935,3,150
2885266,1,150
2886928,4,150
2889615,2,150
2889700,5,150
2890164,3,150
2890710,0,150
2891603,4,150
2891826,1,150
2893887,2,150
2894649,5,150
2895212,3,150
2896784,4,150
2898340,2,150
2898366,0,150
2898960,1,150
2899703,5,150
2899974,3,150
2901105,4,150
2903208,2,150
2905748,1,150
2905843,3,150
2905928,5,150
2905980,0,150
2906568,4,150
2907932,2,150
2910129,3,150
2910349,5,150
2910584,4,150
2910855,1,150
2911208,2,150
2912305,0,150
2913241,3,150
2913329,5,150
2913936,4,150
2914664,2,150
2915636,1,150
2919137,3,150
2919226,5,150
2919700,4,150
2920264,0,150
2920270,2,150
2922998,1,150
2926441,4,150
2926820,2,150
2926977,3,150
2927347,5,150
2929912,0,150
2931215,1,150
2933098,4,150
2933248,2,150
2935263,3,150
2936056,5,150
2939996,1,150
2940431,0,150
2940528,4,150
2940771,2,150
2945151,3,150
2946375,5,150
2947702,4,150
2947759,2,150
2947815,1,150
2949691,0,150
2951277,3,150
2952373,5,150
2953478,2,150
2953553,4,150
2955060,1,150
2956099,3,150
2956374,2,150
2956423,5,150
2956530,4,150
2956969,0,150
2957634,3,150
2957934,1,150
2957980,5,150
2958078,2,150
2958252,4,150
2960652,3,150
2960806,5,150
2961274,2,150
2961633,4,150
2962381,1,150
2963139,0,150
2963686,3,150
2963762,5,150
2963922,2,150
2964228,4,150
2964811,1,150
2965549,3,150
2965563,5,150
2965900,2,150
2966434,4,150
2967092,0,150
2967850,3,150
2967942,5,150
2967951,1,150
2967962,2,150
2968243,4,150
2968983,3,150
2969007,5,150
2969140,2,150
2969329,4,150
2970280,1,150
2970312,0,150
2970522,5,150
2970569,3,150
2970953,2,150
2971167,4,150
2973181,5,150
2973567,3,150
2974088,2,150
2974509,4,150
2974651,1,150
2976272,0,150
2976734,5,150
2977379,3,150
2977641,2,150
2978335,4,150
2980239,1,150
2980954,5,150
2981918,2,150
2982067,3,150
2982784,4,150
2983255,0,150
2984850,5,150
2985458,2,150
2985780,3,150
2985870,1,150
2986282,4,150
2987256,5,150
2987566,2,150
2987757,3,150
2988123,0,150
2988151,4,150
2988540,1,150
2989080,5,150
2989632,2,150
2989857,3,150
2990351,4,150
2991135,5,150
2991440,1,150
2991631,2,150
2991761,3,150
2992086,4,150
2992563,5,150
2992671,0,150
2992814,2,150
2992929,3,150
2993371,4,150
2993424,1,150
2994030,5,150
2994615,2,150
2994733,3,150
2995333,4,150
2996043,5,150
2996272,1,150
2996705,2,150
2996838,3,150
2997440,0,150
2997517,4,150
2998264,5,150
2999197,2,150
2999407,3,150
2999632,1,150
3000177,4,150
3000965,5,150
3002056,2,150
3002400,3,150
3002759,0,150
3003174,4,150
3003329,1,150
3003895,5,150
3004822,2,150
3005295,3,150
3006087,4,150
3006649,1,150
3006735,5,150
3007652,0,150
3007670,2,150
3008437,3,150
3009487,4,150
3010396,5,150
3011063,1,150
3011427,2,150
3013057,3,150
3014150,4,150
3014255,0,150
3015462,5,150
3015946,2,150
3016293,1,150
3017559,3,150
3018310,4,150
3019348,5,150
3019401,2,150
3020316,0,150
3020737,1,150
3021752,3,150
3022454,4,150
3023303,2,150
3023567,5,150
3024904,1,150
3025238,3,150
3026070,4,150
3026115,0,150
3026718,2,150
3027335,5,150
3028726,3,150
3028843,1,150
3029055,4,150
3029098,2,150
3029540,5,150
3029790,0,150
3029937,3,150
3030319,2,150
3030358,4,150
3030391,1,150
3030914,5,150
3031433,3,150
3032155,4,150
3032236,2,150
3032933,1,150
3033328,5,150
3033861,0,150
3034083,3,150
3034577,2,150
3034628,4,150
3035401,5,150
3035844,3,150
3035858,1,150
3036469,2,150
3036580,4,150
3037201,0,150
3037399,5,150
3037679,3,150
3038217,1,150
3038314,2,150
3038437,4,150
3039855,5,150
3040277,3,150
3040734,2,150
3040962,4,150
3041029,1,150
3041146,0,150
3041938,5,150
3042240,3,150
3043036,2,150
3043494,4,150
3044624,1,150
3045561,5,150
3046154,3,150
3046447,0,150
3046565,2,150
3046910,4,150
3047318,1,150
3047543,3,150
3047568,5,150
3047715,2,150
3047931,4,150
3048384,0,150
3048539,3,150
3048570,5,150
3048755,1,150
3048869,2,150
3048995,4,150
3050268,3,150
3050319,5,150
3050925,2,150
3051108,4,150
3051503,1,150
3052418,0,150
3053247,3,150
3053331,5,150
3053954,2,150
3054378,4,150
3055109,1,150
3055698,3,150
3055820,5,150
3056002,2,150
3056297,4,150
3056807,0,150
3057884,3,150
3057949,5,150
3058490,2,150
3058782,1,150
3059010,4,150
3061932,3,150
3061962,5,150
3062296,2,150
3062682,0,150
3063033,4,150
3063265,1,150
3064909,3,150
3064952,5,150
3065048,2,150
3065732,4,150
3067271,1,150
3068329,5,150
3068411,3,150
3068431,2,150
3069188,0,150
3070145,4,150
3072939,2,150
3073271,1,150
3073274,3,150
3073294,5,150
3074022,4,150
3075263,2,150
3075656,3,150
3075742,5,150
3076019,0,150
3076870,4,150
3077596,1,150
3078617,2,150
3079218,3,150
3079246,5,150
3080352,4,150
3081129,1,150
3081191,2,150
3081649,3,150
3081679,0,150
3081728,5,150
3082446,4,150
3083462,2,150
3084053,1,150
3084280,5,150
3084290,3,150
3085431,4,150
3086291,2,150
3087207,5,150
3087209,3,150
3088080,0,150
3088348,1,150
3088870,4,150
3089767,2,150
3090964,5,150
3091196,3,150
3093003,4,150
3093264,1,150
3093839,2,150
3095042,5,150
3095251,3,150
3095582,0,150
3096548,4,150
3096826,2,150
3097275,1,150
3098138,5,150
3098586,3,150
3100008,4,150
3100033,2,150
3101172,5,150
3101312,1,150
3101540,3,150
3102570,0,150
3103119,2,150
3103288,4,150
